"","IDV","avg_rain_dev","survey_month","t_minus_4_start","t_minus_4_end","t_minus_8_start","t_minus_8_end","meanEvents_t_minus_4","meanEvents_t_minus_8","Confl_Shock"
"1",11011,1.34599972465571,Dec 2011,"2007-12-01","2011-11-01","2003-12-01","2007-11-01",0,0,0
"2",11012,1.31753271970287,Dec 2011,"2007-12-01","2011-11-01","2003-12-01","2007-11-01",0,0,0
"3",11021,1.27909995950098,Dec 2011,"2007-12-01","2011-11-01","2003-12-01","2007-11-01",0,0,0
"4",11022,1.28851767526701,Dec 2011,"2007-12-01","2011-11-01","2003-12-01","2007-11-01",0,0,0
"5",11031,1.28079978810909,Dec 2011,"2007-12-01","2011-11-01","2003-12-01","2007-11-01",0,0,0
"6",11032,1.28168061366226,Dec 2011,"2007-12-01","2011-11-01","2003-12-01","2007-11-01",0,0,0
"7",11041,1.28459987540552,Dec 2011,"2007-12-01","2011-11-01","2003-12-01","2007-11-01",0,0,0
"8",11042,1.28459987540552,Dec 2011,"2007-12-01","2011-11-01","2003-12-01","2007-11-01",0,0,0
"9",11051,1.28459987540552,Dec 2011,"2007-12-01","2011-11-01","2003-12-01","2007-11-01",0,0,0
"10",11052,1.29596737843724,Dec 2011,"2007-12-01","2011-11-01","2003-12-01","2007-11-01",0,0,0
"11",11061,1.25649974764932,Dec 2011,"2007-12-01","2011-11-01","2003-12-01","2007-11-01",0,0,0
"12",11062,1.23395523294653,Dec 2011,"2007-12-01","2011-11-01","2003-12-01","2007-11-01",0,0,0
"13",11071,1.34240005108622,Dec 2011,"2007-12-01","2011-11-01","2003-12-01","2007-11-01",0,0,0
"14",11072,1.33859996378978,Dec 2011,"2007-12-01","2011-11-01","2003-12-01","2007-11-01",0,0,0
"15",11081,1.33859996378978,Dec 2011,"2007-12-01","2011-11-01","2003-12-01","2007-11-01",0,0,0
"16",11082,1.33859996378978,Dec 2011,"2007-12-01","2011-11-01","2003-12-01","2007-11-01",0,0,0
"17",11091,1.50190028542308,Dec 2011,"2007-12-01","2011-11-01","2003-12-01","2007-11-01",0,0,0
"18",11092,1.50190028542308,Dec 2011,"2007-12-01","2011-11-01","2003-12-01","2007-11-01",0,0,0
"19",11101,1.29079969993073,Dec 2011,"2007-12-01","2011-11-01","2003-12-01","2007-11-01",0,0,0
"20",11102,1.28055674511155,Dec 2011,"2007-12-01","2011-11-01","2003-12-01","2007-11-01",0,0,0
"21",11111,1.26239998913409,Dec 2011,"2007-12-01","2011-11-01","2003-12-01","2007-11-01",0,0,0
"22",11112,1.25363977568666,Dec 2011,"2007-12-01","2011-11-01","2003-12-01","2007-11-01",0,0,0
"23",11121,1.23690012905993,Dec 2011,"2007-12-01","2011-11-01","2003-12-01","2007-11-01",0,0,0
"24",11122,1.24358072385113,Dec 2011,"2007-12-01","2011-11-01","2003-12-01","2007-11-01",0,0,0
"25",11131,1.21960035528584,Dec 2011,"2007-12-01","2011-11-01","2003-12-01","2007-11-01",0,0,0
"26",11132,1.25940379727119,Dec 2011,"2007-12-01","2011-11-01","2003-12-01","2007-11-01",0,0,0
"27",11141,1.22040017234632,Dec 2011,"2007-12-01","2011-11-01","2003-12-01","2007-11-01",0,0,0
"28",11142,1.18010018796666,Dec 2011,"2007-12-01","2011-11-01","2003-12-01","2007-11-01",0,0,0
"29",11151,1.16810001817016,Dec 2011,"2007-12-01","2011-11-01","2003-12-01","2007-11-01",0,0,0
"30",11152,1.16810001817016,Dec 2011,"2007-12-01","2011-11-01","2003-12-01","2007-11-01",0,0,0
"31",11161,1.56859996344422,Feb 2011,"2007-02-01","2011-01-01","2003-02-01","2007-01-01",0,0,0
"32",11162,1.7337503348323,Feb 2011,"2007-02-01","2011-01-01","2003-02-01","2007-01-01",0,0,0
"33",11171,1.21650009100861,Mar 2011,"2007-03-01","2011-02-01","2003-03-01","2007-02-01",0,0,0
"34",11172,1.21550006899371,Mar 2011,"2007-03-01","2011-02-01","2003-03-01","2007-02-01",0,0,0
"35",11181,1.21550006899371,Mar 2011,"2007-03-01","2011-02-01","2003-03-01","2007-02-01",0,0,0
"36",11182,1.21550006899371,Mar 2011,"2007-03-01","2011-02-01","2003-03-01","2007-02-01",0,0,0
"37",11191,1.20699987513761,Mar 2011,"2007-03-01","2011-02-01","2003-03-01","2007-02-01",0,0,0
"38",11192,1.2090999233348,Mar 2011,"2007-03-01","2011-02-01","2003-03-01","2007-02-01",0,0,0
"39",11201,1.18219989854095,Mar 2011,"2007-03-01","2011-02-01","2003-03-01","2007-02-01",0,0,0
"40",11202,1.18676574774966,Mar 2011,"2007-03-01","2011-02-01","2003-03-01","2007-02-01",0,0,0
"41",11211,1.19280014169422,Mar 2011,"2007-03-01","2011-02-01","2003-03-01","2007-02-01",0,0,0
"42",11212,1.19280014169422,Mar 2011,"2007-03-01","2011-02-01","2003-03-01","2007-02-01",0,0,0
"43",11221,1.65120007771179,Feb 2011,"2007-02-01","2011-01-01","2003-02-01","2007-01-01",0,0,0
"44",11222,1.20370010569076,Mar 2011,"2007-03-01","2011-02-01","2003-03-01","2007-02-01",0,0,0
"45",11231,1.17600015721677,Mar 2011,"2007-03-01","2011-02-01","2003-03-01","2007-02-01",0,0,0
"46",11232,1.17567451594857,Mar 2011,"2007-03-01","2011-02-01","2003-03-01","2007-02-01",0,0,0
"47",11241,1.1813999758608,Mar 2011,"2007-03-01","2011-02-01","2003-03-01","2007-02-01",0,0,0
"48",11242,1.1824730687361,Mar 2011,"2007-03-01","2011-02-01","2003-03-01","2007-02-01",0,0,0
"49",11251,1.5984000135979,Feb 2011,"2007-02-01","2011-01-01","2003-02-01","2007-01-01",0,0,0
"50",11252,1.58401663912444,Feb 2011,"2007-02-01","2011-01-01","2003-02-01","2007-01-01",0,0,0
"51",11261,1.16840004217489,Mar 2011,"2007-03-01","2011-02-01","2003-03-01","2007-02-01",0,0,0
"52",11262,1.17129528263279,Mar 2011,"2007-03-01","2011-02-01","2003-03-01","2007-02-01",0,0,0
"53",11271,1.59660010299898,Feb 2011,"2007-02-01","2011-01-01","2003-02-01","2007-01-01",0,0,0
"54",11272,1.17066192746407,Mar 2011,"2007-03-01","2011-02-01","2003-03-01","2007-02-01",0,0,0
"55",11281,1.3512002627198,Dec 2011,"2007-12-01","2011-11-01","2003-12-01","2007-11-01",0,0,0
"56",11282,1.17044328906276,Mar 2011,"2007-03-01","2011-02-01","2003-03-01","2007-02-01",0,0,0
"57",11301,1.59660010299898,Feb 2011,"2007-02-01","2011-01-01","2003-02-01","2007-01-01",0,0,0
"58",11302,1.17124241052389,Mar 2011,"2007-03-01","2011-02-01","2003-03-01","2007-02-01",0,0,0
"59",11311,1.16710008685004,Mar 2011,"2007-03-01","2011-02-01","2003-03-01","2007-02-01",0,0,0
"60",11312,1.16729675365272,Mar 2011,"2007-03-01","2011-02-01","2003-03-01","2007-02-01",0,0,0
"61",11321,1.16320007540683,Mar 2011,"2007-03-01","2011-02-01","2003-03-01","2007-02-01",0,0,0
"62",11322,1.15899652540743,Mar 2011,"2007-03-01","2011-02-01","2003-03-01","2007-02-01",0,0,0
"63",11331,1.23829972831167,Mar 2011,"2007-03-01","2011-02-01","2003-03-01","2007-02-01",0,0,0
"64",11332,1.64946869212161,Feb 2011,"2007-02-01","2011-01-01","2003-02-01","2007-01-01",0,0,0
"65",11341,1.24219981794313,Mar 2011,"2007-03-01","2011-02-01","2003-03-01","2007-02-01",0,0,0
"66",11342,1.65172101984408,Feb 2011,"2007-02-01","2011-01-01","2003-02-01","2007-01-01",0,0,0
"67",11351,1.65219982189194,Feb 2011,"2007-02-01","2011-01-01","2003-02-01","2007-01-01",0,0,0
"68",11352,1.64819973005585,Feb 2011,"2007-02-01","2011-01-01","2003-02-01","2007-01-01",0,0,0
"69",11371,1.91229923407402,Feb 2011,"2007-02-01","2011-01-01","2003-02-01","2007-01-01",0,0,0
"70",11372,1.15432031569239,Mar 2011,"2007-03-01","2011-02-01","2003-03-01","2007-02-01",0,0,0
"71",11381,1.24340019126135,Mar 2011,"2007-03-01","2011-02-01","2003-03-01","2007-02-01",0,0,0
"72",11382,1.66449031771411,Feb 2011,"2007-02-01","2011-01-01","2003-02-01","2007-01-01",0,0,0
"73",11391,1.62419985300583,Feb 2011,"2007-02-01","2011-01-01","2003-02-01","2007-01-01",0,0,0
"74",11392,1.08148428345798,Apr 2011,"2007-04-01","2011-03-01","2003-04-01","2007-03-01",0,0,0
"75",11401,1.46494976792922,Dec 2011,"2007-12-01","2011-11-01","2003-12-01","2007-11-01",0,0,0
"76",11402,1.46549967547968,Dec 2011,"2007-12-01","2011-11-01","2003-12-01","2007-11-01",0,0,0
"77",11411,1.28379983851215,Mar 2011,"2007-03-01","2011-02-01","2003-03-01","2007-02-01",0,0,0
"78",11412,1.27195291385939,Mar 2011,"2007-03-01","2011-02-01","2003-03-01","2007-02-01",0,0,0
"79",11421,1.201800117348,Mar 2011,"2007-03-01","2011-02-01","2003-03-01","2007-02-01",0,0,0
"80",11422,1.07540531526408,Apr 2011,"2007-04-01","2011-03-01","2003-04-01","2007-03-01",0,0,0
"81",11431,1.15259992984564,Mar 2011,"2007-03-01","2011-02-01","2003-03-01","2007-02-01",0,0,0
"82",11432,1.15676744907846,Mar 2011,"2007-03-01","2011-02-01","2003-03-01","2007-02-01",0,0,0
"83",11441,1.29400010164629,Dec 2011,"2007-12-01","2011-11-01","2003-12-01","2007-11-01",0,0,0
"84",11442,1.11800980237782,Mar 2011,"2007-03-01","2011-02-01","2003-03-01","2007-02-01",0,0,0
"85",11451,1.58489989200507,Feb 2011,"2007-02-01","2011-01-01","2003-02-01","2007-01-01",0,0,0
"86",11452,1.67869999190473,Feb 2011,"2007-02-01","2011-01-01","2003-02-01","2007-01-01",0,0,0
"87",11461,1.53900049872495,Feb 2011,"2007-02-01","2011-01-01","2003-02-01","2007-01-01",0,0,0
"88",11462,1.61700020815822,Feb 2011,"2007-02-01","2011-01-01","2003-02-01","2007-01-01",0,0,0
"89",11471,1.07865007255027,Mar 2011,"2007-03-01","2011-02-01","2003-03-01","2007-02-01",0,0,0
"90",11472,1.08595015478315,Mar 2011,"2007-03-01","2011-02-01","2003-03-01","2007-02-01",0,0,0
"91",11481,1.04079995452751,Dec 2011,"2007-12-01","2011-11-01","2003-12-01","2007-11-01",0,0,0
"92",11482,1.12663557013999,Dec 2011,"2007-12-01","2011-11-01","2003-12-01","2007-11-01",0,0,0
"93",11491,0.979999668235691,Dec 2011,"2007-12-01","2011-11-01","2003-12-01","2007-11-01",0,0,0
"94",11492,1.11672482996428,Dec 2011,"2007-12-01","2011-11-01","2003-12-01","2007-11-01",0,0,0
"95",11501,1.08000003572853,Dec 2011,"2007-12-01","2011-11-01","2003-12-01","2007-11-01",0,0,0
"96",11502,1.09899858823507,Dec 2011,"2007-12-01","2011-11-01","2003-12-01","2007-11-01",0,0,0
"97",12011,1.4782003758011,May 2011,"2007-05-01","2011-04-01","2003-05-01","2007-04-01",0,0,0
"98",12012,1.52210012733443,Jun 2011,"2007-06-01","2011-05-01","2003-06-01","2007-05-01",0,0,0
"99",12021,1.65690019817116,May 2011,"2007-05-01","2011-04-01","2003-05-01","2007-04-01",0,0,0
"100",12022,1.62660032541907,May 2011,"2007-05-01","2011-04-01","2003-05-01","2007-04-01",0,0,0
"101",12031,1.52869972230253,Jun 2011,"2007-06-01","2011-05-01","2003-06-01","2007-05-01",0,0,0
"102",12032,1.47130014367885,May 2011,"2007-05-01","2011-04-01","2003-05-01","2007-04-01",0,0,0
"103",12041,1.33120031391823,May 2011,"2007-05-01","2011-04-01","2003-05-01","2007-04-01",0,0,0
"104",12042,1.41690739075443,Jun 2011,"2007-06-01","2011-05-01","2003-06-01","2007-05-01",0,0,0
"105",12051,1.55460016423631,Jun 2011,"2007-06-01","2011-05-01","2003-06-01","2007-05-01",0,0,0
"106",12052,1.52779980146479,Jun 2011,"2007-06-01","2011-05-01","2003-06-01","2007-05-01",0,0,0
"107",12061,1.64269970029345,May 2011,"2007-05-01","2011-04-01","2003-05-01","2007-04-01",0,0,0
"108",12062,1.39005017088005,May 2011,"2007-05-01","2011-04-01","2003-05-01","2007-04-01",0,0,0
"109",12071,2.16709993992706,Nov 2011,"2007-11-01","2011-10-01","2003-11-01","2007-10-01",0,0,0
"110",12072,2.11443498458522,Nov 2011,"2007-11-01","2011-10-01","2003-11-01","2007-10-01",0,0,0
"111",12081,2.07940073820812,Nov 2011,"2007-11-01","2011-10-01","2003-11-01","2007-10-01",0,0,0
"112",12082,2.1196704798118,Nov 2011,"2007-11-01","2011-10-01","2003-11-01","2007-10-01",0,0,0
"113",12091,2.05659975228246,Nov 2011,"2007-11-01","2011-10-01","2003-11-01","2007-10-01",0,0,0
"114",12092,2.02560070068817,Nov 2011,"2007-11-01","2011-10-01","2003-11-01","2007-10-01",0,0,0
"115",12101,2.17360055964452,Nov 2011,"2007-11-01","2011-10-01","2003-11-01","2007-10-01",0,0,0
"116",12102,2.10077346198209,Nov 2011,"2007-11-01","2011-10-01","2003-11-01","2007-10-01",0,0,0
"117",12111,1.69300041585147,Nov 2011,"2007-11-01","2011-10-01","2003-11-01","2007-10-01",0,0,0
"118",12112,1.69750051945579,Nov 2011,"2007-11-01","2011-10-01","2003-11-01","2007-10-01",0,0,0
"119",12121,1.55419963809821,Apr 2011,"2007-04-01","2011-03-01","2003-04-01","2007-03-01",0,0,0
"120",12122,1.6972743265648,Apr 2011,"2007-04-01","2011-03-01","2003-04-01","2007-03-01",0,0,0
"121",12131,1.85179984017728,Apr 2011,"2007-04-01","2011-03-01","2003-04-01","2007-03-01",0,0,0
"122",12132,1.86695044528482,Apr 2011,"2007-04-01","2011-03-01","2003-04-01","2007-03-01",0,0,0
"123",12141,1.73994002051704,Apr 2011,"2007-04-01","2011-03-01","2003-04-01","2007-03-01",0,0,0
"124",12142,1.80240015743788,Apr 2011,"2007-04-01","2011-03-01","2003-04-01","2007-03-01",0,0,0
"125",12151,1.6195002787963,Apr 2011,"2007-04-01","2011-03-01","2003-04-01","2007-03-01",0,0,0
"126",12152,1.67270040967567,Apr 2011,"2007-04-01","2011-03-01","2003-04-01","2007-03-01",0,0,0
"127",12161,2.17529919689569,Nov 2011,"2007-11-01","2011-10-01","2003-11-01","2007-10-01",0,0,0
"128",12162,2.17544147589905,Nov 2011,"2007-11-01","2011-10-01","2003-11-01","2007-10-01",0,0,0
"129",12171,2.48260051320107,Nov 2011,"2007-11-01","2011-10-01","2003-11-01","2007-10-01",0,0,0
"130",12172,2.18629065200043,Nov 2011,"2007-11-01","2011-10-01","2003-11-01","2007-10-01",0,0,0
"131",12201,2.34020063687702,Nov 2011,"2007-11-01","2011-10-01","2003-11-01","2007-10-01",0,0,0
"132",12202,2.34890083704333,Nov 2011,"2007-11-01","2011-10-01","2003-11-01","2007-10-01",0,0,0
"133",12221,2.50030035589012,Nov 2011,"2007-11-01","2011-10-01","2003-11-01","2007-10-01",0,0,0
"134",12222,2.49307254648208,Nov 2011,"2007-11-01","2011-10-01","2003-11-01","2007-10-01",0,0,0
"135",12231,2.48260051320107,Nov 2011,"2007-11-01","2011-10-01","2003-11-01","2007-10-01",0,0,0
"136",12232,2.48607494567954,Nov 2011,"2007-11-01","2011-10-01","2003-11-01","2007-10-01",0,0,0
"137",12241,2.4856005827799,Nov 2011,"2007-11-01","2011-10-01","2003-11-01","2007-10-01",0,0,0
"138",12242,2.48604340256538,Nov 2011,"2007-11-01","2011-10-01","2003-11-01","2007-10-01",0,0,0
"139",12261,2.40250037914451,Nov 2011,"2007-11-01","2011-10-01","2003-11-01","2007-10-01",0,0,0
"140",12262,2.4325482259613,Nov 2011,"2007-11-01","2011-10-01","2003-11-01","2007-10-01",0,0,0
"141",12281,2.41980021666503,Nov 2011,"2007-11-01","2011-10-01","2003-11-01","2007-10-01",0,0,0
"142",12282,2.41980021666503,Nov 2011,"2007-11-01","2011-10-01","2003-11-01","2007-10-01",0,0,0
"143",13011,2.13889968650419,Jan 2011,"2007-01-01","2010-12-01","2003-01-01","2006-12-01",0,0,0
"144",13012,2.22705314517944,Feb 2011,"2007-02-01","2011-01-01","2003-02-01","2007-01-01",0,0,0
"145",13021,2.34720003526254,Jan 2011,"2007-01-01","2010-12-01","2003-01-01","2006-12-01",0,0,0
"146",13022,2.19429980478369,Jan 2011,"2007-01-01","2010-12-01","2003-01-01","2006-12-01",0,0,0
"147",13031,2.27950007729907,Jan 2011,"2007-01-01","2010-12-01","2003-01-01","2006-12-01",0,0,0
"148",13032,2.23890530551103,Jan 2011,"2007-01-01","2010-12-01","2003-01-01","2006-12-01",0,0,0
"149",13041,2.3945999324011,Jan 2011,"2007-01-01","2010-12-01","2003-01-01","2006-12-01",0,0,0
"150",13042,2.35385963887573,Jan 2011,"2007-01-01","2010-12-01","2003-01-01","2006-12-01",0,0,0
"151",13051,2.31699957672823,Dec 2010,"2006-12-01","2010-11-01","2002-12-01","2006-11-01",0,0,0
"152",13052,2.0445854419144,Jan 2011,"2007-01-01","2010-12-01","2003-01-01","2006-12-01",0,0,0
"153",13061,2.18729949966523,Dec 2010,"2006-12-01","2010-11-01","2002-12-01","2006-11-01",0,0,0
"154",13062,1.99603945401711,Dec 2010,"2006-12-01","2010-11-01","2002-12-01","2006-11-01",0,0,0
"155",13071,2.10820022742354,Jan 2011,"2007-01-01","2010-12-01","2003-01-01","2006-12-01",0,0,0
"156",13072,2.14910505285207,Feb 2011,"2007-02-01","2011-01-01","2003-02-01","2007-01-01",0,0,0
"157",13081,1.87360001212919,Dec 2010,"2006-12-01","2010-11-01","2002-12-01","2006-11-01",0,0,0
"158",13082,2.03189997455824,Jan 2011,"2007-01-01","2010-12-01","2003-01-01","2006-12-01",0,0,0
"159",13091,1.95099997409376,Jan 2011,"2007-01-01","2010-12-01","2003-01-01","2006-12-01",0,0,0
"160",13092,2.07539959657213,Feb 2011,"2007-02-01","2011-01-01","2003-02-01","2007-01-01",0,0,0
"161",13101,2.02499964269272,Feb 2011,"2007-02-01","2011-01-01","2003-02-01","2007-01-01",0,0,0
"162",13102,1.94310006151936,Jan 2011,"2007-01-01","2010-12-01","2003-01-01","2006-12-01",0,0,0
"163",13111,1.5313997678941,Aug 2011,"2007-08-01","2011-07-01","2003-08-01","2007-07-01",0,0,0
"164",13112,1.47522733964933,Aug 2011,"2007-08-01","2011-07-01","2003-08-01","2007-07-01",0,0,0
"165",13121,1.64063031957618,Aug 2011,"2007-08-01","2011-07-01","2003-08-01","2007-07-01",0,0,0
"166",13122,1.62345374788254,Aug 2011,"2007-08-01","2011-07-01","2003-08-01","2007-07-01",0,0,0
"167",13131,1.3301998166973,Jul 2011,"2007-07-01","2011-06-01","2003-07-01","2007-06-01",0,0,0
"168",13132,1.32878849358355,Jul 2011,"2007-07-01","2011-06-01","2003-07-01","2007-06-01",0,0,0
"169",13151,1.33539995499877,Jul 2011,"2007-07-01","2011-06-01","2003-07-01","2007-06-01",0,0,0
"170",13152,1.34667538125438,Jul 2011,"2007-07-01","2011-06-01","2003-07-01","2007-06-01",0,0,0
"171",13171,1.34139992162044,Jul 2011,"2007-07-01","2011-06-01","2003-07-01","2007-06-01",0,0,0
"172",13172,1.32816013850638,Jul 2011,"2007-07-01","2011-06-01","2003-07-01","2007-06-01",0,0,0
"173",13181,1.29230009578554,Aug 2011,"2007-08-01","2011-07-01","2003-08-01","2007-07-01",0,0,0
"174",13182,1.35400885202915,Jul 2011,"2007-07-01","2011-06-01","2003-07-01","2007-06-01",0,0,0
"175",13191,1.33760000788769,Jul 2011,"2007-07-01","2011-06-01","2003-07-01","2007-06-01",0,0,0
"176",13192,1.33760000788769,Jul 2011,"2007-07-01","2011-06-01","2003-07-01","2007-06-01",0,0,0
"177",13201,1.38919990825004,Jun 2011,"2007-06-01","2011-05-01","2003-06-01","2007-05-01",0,0,0
"178",13202,1.39181438788493,Jun 2011,"2007-06-01","2011-05-01","2003-06-01","2007-05-01",0,0,0
"179",13221,1.39939976183277,Jun 2011,"2007-06-01","2011-05-01","2003-06-01","2007-05-01",0,0,0
"180",13222,1.35660475327801,Jul 2011,"2007-07-01","2011-06-01","2003-07-01","2007-06-01",0,0,0
"181",13231,1.39750008109386,Jun 2011,"2007-06-01","2011-05-01","2003-06-01","2007-05-01",0,0,0
"182",13232,1.40509989274948,Jun 2011,"2007-06-01","2011-05-01","2003-06-01","2007-05-01",0,0,0
"183",13241,1.4149001163961,Jun 2011,"2007-06-01","2011-05-01","2003-06-01","2007-05-01",0,0,0
"184",13242,1.4140008979522,Jun 2011,"2007-06-01","2011-05-01","2003-06-01","2007-05-01",0,0,0
"185",13251,1.3492001195568,Aug 2011,"2007-08-01","2011-07-01","2003-08-01","2007-07-01",0,0,0
"186",13252,1.39696716854117,Jun 2011,"2007-06-01","2011-05-01","2003-06-01","2007-05-01",0,0,0
"187",13261,1.41519993384819,Jun 2011,"2007-06-01","2011-05-01","2003-06-01","2007-05-01",0,0,0
"188",13262,1.37127800614659,Jul 2011,"2007-07-01","2011-06-01","2003-07-01","2007-06-01",0,0,0
"189",13281,1.36219978893481,Jul 2011,"2007-07-01","2011-06-01","2003-07-01","2007-06-01",0,0,0
"190",13282,1.38654568318647,Jul 2011,"2007-07-01","2011-06-01","2003-07-01","2007-06-01",0,0,0
"191",13291,1.41219998082107,Jul 2011,"2007-07-01","2011-06-01","2003-07-01","2007-06-01",0,0,0
"192",13292,1.42323341883574,Jul 2011,"2007-07-01","2011-06-01","2003-07-01","2007-06-01",0,0,0
"193",13311,1.35119988168255,Jul 2011,"2007-07-01","2011-06-01","2003-07-01","2007-06-01",0,0,0
"194",13312,1.36455042598921,Jul 2011,"2007-07-01","2011-06-01","2003-07-01","2007-06-01",0,0,0
"195",13321,1.37279990038893,Jul 2011,"2007-07-01","2011-06-01","2003-07-01","2007-06-01",0,0,0
"196",13322,1.37492644103043,Jul 2011,"2007-07-01","2011-06-01","2003-07-01","2007-06-01",0,0,0
"197",13331,1.37150002339155,Jul 2011,"2007-07-01","2011-06-01","2003-07-01","2007-06-01",0,0,0
"198",13332,1.37912762456549,Jul 2011,"2007-07-01","2011-06-01","2003-07-01","2007-06-01",0,0,0
"199",13351,1.39269987835194,Jul 2011,"2007-07-01","2011-06-01","2003-07-01","2007-06-01",0,0,0
"200",13352,1.39269987835194,Jul 2011,"2007-07-01","2011-06-01","2003-07-01","2007-06-01",0,0,0
"201",13361,1.27729990602967,Jul 2011,"2007-07-01","2011-06-01","2003-07-01","2007-06-01",0,0,0
"202",13362,1.39466907903342,Aug 2011,"2007-08-01","2011-07-01","2003-08-01","2007-07-01",0,0,0
"203",13381,1.24790001248691,Aug 2011,"2007-08-01","2011-07-01","2003-08-01","2007-07-01",0,0,0
"204",13382,1.25675667316995,Aug 2011,"2007-08-01","2011-07-01","2003-08-01","2007-07-01",0,0,0
"205",13391,1.45219963346145,Jul 2011,"2007-07-01","2011-06-01","2003-07-01","2007-06-01",0,0,0
"206",13392,1.45219963346145,Aug 2011,"2007-08-01","2011-07-01","2003-08-01","2007-07-01",0,0,0
"207",13401,1.29560017176079,Jul 2011,"2007-07-01","2011-06-01","2003-07-01","2007-06-01",0,0,0
"208",13402,1.28557985896743,Aug 2011,"2007-08-01","2011-07-01","2003-08-01","2007-07-01",0,0,0
"209",14011,1.79300024482731,May 2011,"2007-05-01","2011-04-01","2003-05-01","2007-04-01",0,0,0
"210",14012,1.79300024482731,May 2011,"2007-05-01","2011-04-01","2003-05-01","2007-04-01",0,0,0
"211",14021,1.90030053751965,May 2011,"2007-05-01","2011-04-01","2003-05-01","2007-04-01",0,0,0
"212",14022,1.85430002613852,May 2011,"2007-05-01","2011-04-01","2003-05-01","2007-04-01",0,0,0
"213",14041,2.07309980160456,Apr 2011,"2007-04-01","2011-03-01","2003-04-01","2007-03-01",0,0,0
"214",14042,2.38419976300394,May 2011,"2007-05-01","2011-04-01","2003-05-01","2007-04-01",0,0,0
"215",14061,1.82890009995909,Apr 2011,"2007-04-01","2011-03-01","2003-04-01","2007-03-01",0,0,0
"216",14062,1.83699982849331,Apr 2011,"2007-04-01","2011-03-01","2003-04-01","2007-03-01",0,0,0
"217",14081,1.77639992937248,Apr 2011,"2007-04-01","2011-03-01","2003-04-01","2007-03-01",0,0,0
"218",14082,2.02999991655301,May 2011,"2007-05-01","2011-04-01","2003-05-01","2007-04-01",0,0,0
"219",14091,1.77639992937248,Apr 2011,"2007-04-01","2011-03-01","2003-04-01","2007-03-01",0,0,0
"220",14092,1.77639992937248,Apr 2011,"2007-04-01","2011-03-01","2003-04-01","2007-03-01",0,0,0
"221",14101,2.03570004664637,May 2011,"2007-05-01","2011-04-01","2003-05-01","2007-04-01",0,0,0
"222",14102,1.78120003891009,Apr 2011,"2007-04-01","2011-03-01","2003-04-01","2007-03-01",0,0,0
"223",14111,1.77909953125977,Apr 2011,"2007-04-01","2011-03-01","2003-04-01","2007-03-01",0,0,0
"224",14112,1.77250000964652,Apr 2011,"2007-04-01","2011-03-01","2003-04-01","2007-03-01",0,0,0
"225",14131,1.71790013179725,Apr 2011,"2007-04-01","2011-03-01","2003-04-01","2007-03-01",0,0,0
"226",14132,1.85780000250343,May 2011,"2007-05-01","2011-04-01","2003-05-01","2007-04-01",0,0,0
"227",14151,2.02794170172809,May 2011,"2007-05-01","2011-04-01","2003-05-01","2007-04-01",0,0,0
"228",14152,1.7990002368932,May 2011,"2007-05-01","2011-04-01","2003-05-01","2007-04-01",0,0,0
"229",14161,1.79909989654133,May 2011,"2007-05-01","2011-04-01","2003-05-01","2007-04-01",0,0,0
"230",14162,1.78326155071887,May 2011,"2007-05-01","2011-04-01","2003-05-01","2007-04-01",0,0,0
"231",14171,1.45810031118884,Nov 2011,"2007-11-01","2011-10-01","2003-11-01","2007-10-01",0,0,0
"232",14172,1.68510025336909,Dec 2011,"2007-12-01","2011-11-01","2003-12-01","2007-11-01",0,0,0
"233",14181,1.82649998727883,Apr 2011,"2007-04-01","2011-03-01","2003-04-01","2007-03-01",0,0,0
"234",14182,1.82649998727883,Apr 2011,"2007-04-01","2011-03-01","2003-04-01","2007-03-01",0,0,0
"235",14191,1.78330005136142,May 2011,"2007-05-01","2011-04-01","2003-05-01","2007-04-01",0,0,0
"236",14192,1.96409988261399,May 2011,"2007-05-01","2011-04-01","2003-05-01","2007-04-01",0,0,0
"237",14201,1.88350009326072,Apr 2011,"2007-04-01","2011-03-01","2003-04-01","2007-03-01",0,0,0
"238",14202,1.87240029708454,Apr 2011,"2007-04-01","2011-03-01","2003-04-01","2007-03-01",0,0,0
"239",14211,1.95669993807107,Apr 2011,"2007-04-01","2011-03-01","2003-04-01","2007-03-01",0,0,0
"240",14212,1.20379999837937,Apr 2011,"2007-04-01","2011-03-01","2003-04-01","2007-03-01",0,0,0
"241",14221,1.96149959016867,Apr 2011,"2007-04-01","2011-03-01","2003-04-01","2007-03-01",0,0,0
"242",14222,1.96149959016867,Apr 2011,"2007-04-01","2011-03-01","2003-04-01","2007-03-01",0,0,0
"243",14231,1.88709988969965,Apr 2011,"2007-04-01","2011-03-01","2003-04-01","2007-03-01",0,0,0
"244",14232,1.90659987638473,Apr 2011,"2007-04-01","2011-03-01","2003-04-01","2007-03-01",0,0,0
"245",14241,1.96869958207125,Apr 2011,"2007-04-01","2011-03-01","2003-04-01","2007-03-01",0,0,0
"246",14242,1.90420010947211,Apr 2011,"2007-04-01","2011-03-01","2003-04-01","2007-03-01",0,0,0
"247",14251,1.60820007663052,Sep 2011,"2007-09-01","2011-08-01","2003-09-01","2007-08-01",0,0,0
"248",14252,1.60820007663052,Sep 2011,"2007-09-01","2011-08-01","2003-09-01","2007-08-01",0,0,0
"249",14261,1.49359995252565,Sep 2011,"2007-09-01","2011-08-01","2003-09-01","2007-08-01",0,0,0
"250",14262,1.48869984035066,Sep 2011,"2007-09-01","2011-08-01","2003-09-01","2007-08-01",0,0,0
"251",14271,1.42539996478414,Nov 2011,"2007-11-01","2011-10-01","2003-11-01","2007-10-01",0,0,0
"252",14272,1.63969994526488,Oct 2011,"2007-10-01","2011-09-01","2003-10-01","2007-09-01",0,0,0
"253",14281,1.42029984797774,Nov 2011,"2007-11-01","2011-10-01","2003-11-01","2007-10-01",0,0,0
"254",14282,1.42029984797774,Nov 2011,"2007-11-01","2011-10-01","2003-11-01","2007-10-01",0,0,0
"255",14291,1.34589987163878,Nov 2011,"2007-11-01","2011-10-01","2003-11-01","2007-10-01",0,0,0
"256",14292,1.34589987163878,Nov 2011,"2007-11-01","2011-10-01","2003-11-01","2007-10-01",0,0,0
"257",14301,1.37600001120124,Sep 2011,"2007-09-01","2011-08-01","2003-09-01","2007-08-01",0,0,0
"258",14302,1.29899985968978,Nov 2011,"2007-11-01","2011-10-01","2003-11-01","2007-10-01",0,0,0
"259",14311,1.2233003489768,Nov 2011,"2007-11-01","2011-10-01","2003-11-01","2007-10-01",0,0,0
"260",14312,1.2233003489768,Nov 2011,"2007-11-01","2011-10-01","2003-11-01","2007-10-01",0,0,0
"261",14321,1.28469973191382,Sep 2011,"2007-09-01","2011-08-01","2003-09-01","2007-08-01",0,0,0
"262",14322,1.21559979997028,Nov 2011,"2007-11-01","2011-10-01","2003-11-01","2007-10-01",0,0,0
"263",14331,1.29660030079342,Nov 2011,"2007-11-01","2011-10-01","2003-11-01","2007-10-01",0,0,0
"264",14332,1.29919985504569,Nov 2011,"2007-11-01","2011-10-01","2003-11-01","2007-10-01",0,0,0
"265",14341,1.29080021296355,Nov 2011,"2007-11-01","2011-10-01","2003-11-01","2007-10-01",0,0,0
"266",14342,1.29080021296355,Nov 2011,"2007-11-01","2011-10-01","2003-11-01","2007-10-01",0,0,0
"267",14351,1.49470028993515,Nov 2011,"2007-11-01","2011-10-01","2003-11-01","2007-10-01",0,0,0
"268",14352,1.71950032007236,Oct 2011,"2007-10-01","2011-09-01","2003-10-01","2007-09-01",0,0,0
"269",14361,1.52149988426378,Nov 2011,"2007-11-01","2011-10-01","2003-11-01","2007-10-01",0,0,0
"270",14362,1.75119985489223,Oct 2011,"2007-10-01","2011-09-01","2003-10-01","2007-09-01",0,0,0
"271",14371,2.33460014646377,Sep 2011,"2007-09-01","2011-08-01","2003-09-01","2007-08-01",0,0,0
"272",14372,2.33280010522812,Sep 2011,"2007-09-01","2011-08-01","2003-09-01","2007-08-01",0,0,0
"273",14381,2.42339958575795,Sep 2011,"2007-09-01","2011-08-01","2003-09-01","2007-08-01",0,0,0
"274",14382,2.31469978543462,Sep 2011,"2007-09-01","2011-08-01","2003-09-01","2007-08-01",0,0,0
"275",14391,2.57699988256563,Sep 2011,"2007-09-01","2011-08-01","2003-09-01","2007-08-01",0,0,0
"276",14392,2.60760029923162,Sep 2011,"2007-09-01","2011-08-01","2003-09-01","2007-08-01",0,0,0
"277",14401,2.57040062721024,Sep 2011,"2007-09-01","2011-08-01","2003-09-01","2007-08-01",0,0,0
"278",14402,2.57040062721024,Sep 2011,"2007-09-01","2011-08-01","2003-09-01","2007-08-01",0,0,0
"279",14411,2.57760018504338,Sep 2011,"2007-09-01","2011-08-01","2003-09-01","2007-08-01",0,0,0
"280",14412,2.57760018504338,Sep 2011,"2007-09-01","2011-08-01","2003-09-01","2007-08-01",0,0,0
"281",14421,2.40140034190672,Sep 2011,"2007-09-01","2011-08-01","2003-09-01","2007-08-01",0,0,0
"282",14422,2.40140034190672,Sep 2011,"2007-09-01","2011-08-01","2003-09-01","2007-08-01",0,0,0
"283",14441,2.21719989750096,Sep 2011,"2007-09-01","2011-08-01","2003-09-01","2007-08-01",0,0,0
"284",14442,2.21719989750096,Sep 2011,"2007-09-01","2011-08-01","2003-09-01","2007-08-01",0,0,0
"285",14451,2.20099986982014,Sep 2011,"2007-09-01","2011-08-01","2003-09-01","2007-08-01",0,0,0
"286",14452,2.21719989750096,Sep 2011,"2007-09-01","2011-08-01","2003-09-01","2007-08-01",0,0,0
"287",14481,2.23020012289046,Sep 2011,"2007-09-01","2011-08-01","2003-09-01","2007-08-01",0,0,0
"288",14482,2.21720005406559,Sep 2011,"2007-09-01","2011-08-01","2003-09-01","2007-08-01",0,0,0
"289",14491,2.1589996737366,Sep 2011,"2007-09-01","2011-08-01","2003-09-01","2007-08-01",0,0,0
"290",14492,2.1589996737366,Sep 2011,"2007-09-01","2011-08-01","2003-09-01","2007-08-01",0,0,0
"291",14501,2.26820036038968,Sep 2011,"2007-09-01","2011-08-01","2003-09-01","2007-08-01",0,0,0
"292",14502,2.26820036038968,Sep 2011,"2007-09-01","2011-08-01","2003-09-01","2007-08-01",0,0,0
"293",14521,2.21380033711911,Sep 2011,"2007-09-01","2011-08-01","2003-09-01","2007-08-01",0,0,0
"294",14522,2.21380033711911,Sep 2011,"2007-09-01","2011-08-01","2003-09-01","2007-08-01",0,0,0
"295",21021,4.12974964318953,Jul 2011,"2007-07-01","2011-06-01","2003-07-01","2007-06-01",0,0,0
"296",21022,4.12974964318953,Jul 2011,"2007-07-01","2011-06-01","2003-07-01","2007-06-01",0,0,0
"297",21101,3.72463220528384,Jul 2011,"2007-07-01","2011-06-01","2003-07-01","2007-06-01",0,0,0
"298",21102,3.72463220528384,Jul 2011,"2007-07-01","2011-06-01","2003-07-01","2007-06-01",0,0,0
"299",21211,4.05535894491425,Jul 2011,"2007-07-01","2011-06-01","2003-07-01","2007-06-01",0,0,0
"300",21212,3.97634799855544,Jul 2011,"2007-07-01","2011-06-01","2003-07-01","2007-06-01",0,0,0
"301",21231,4.25035482311222,Jul 2011,"2007-07-01","2011-06-01","2003-07-01","2007-06-01",0,0,0
"302",21232,4.27053025172706,Jul 2011,"2007-07-01","2011-06-01","2003-07-01","2007-06-01",0,0,0
"303",21301,4.11582707195036,Jul 2011,"2007-07-01","2011-06-01","2003-07-01","2007-06-01",0,0,0
"304",21302,4.06813146194154,Jul 2011,"2007-07-01","2011-06-01","2003-07-01","2007-06-01",0,0,0
"305",21321,3.93861258782341,Jul 2011,"2007-07-01","2011-06-01","2003-07-01","2007-06-01",0,0,0
"306",21322,3.91217249792405,Jul 2011,"2007-07-01","2011-06-01","2003-07-01","2007-06-01",0,0,0
"307",21331,3.94171568961408,Jul 2011,"2007-07-01","2011-06-01","2003-07-01","2007-06-01",0,0,0
"308",21332,3.94171568961408,Jul 2011,"2007-07-01","2011-06-01","2003-07-01","2007-06-01",0,0,0
"309",21341,3.84457332353376,Jul 2011,"2007-07-01","2011-06-01","2003-07-01","2007-06-01",0,0,0
"310",21342,3.84457332353376,Jul 2011,"2007-07-01","2011-06-01","2003-07-01","2007-06-01",0,0,0
"311",21351,3.82848216016703,Jul 2011,"2007-07-01","2011-06-01","2003-07-01","2007-06-01",0,0,0
"312",21352,3.80092435648401,Jul 2011,"2007-07-01","2011-06-01","2003-07-01","2007-06-01",0,0,0
"313",21371,3.50713867071743,Jul 2011,"2007-07-01","2011-06-01","2003-07-01","2007-06-01",0,0,0
"314",21372,3.50713867071743,Jul 2011,"2007-07-01","2011-06-01","2003-07-01","2007-06-01",0,0,0
"315",21381,3.49942167986154,Jul 2011,"2007-07-01","2011-06-01","2003-07-01","2007-06-01",0,0,0
"316",21382,3.49942167986154,Jul 2011,"2007-07-01","2011-06-01","2003-07-01","2007-06-01",0,0,0
"317",21391,3.48777222440574,Jul 2011,"2007-07-01","2011-06-01","2003-07-01","2007-06-01",0,0,0
"318",21392,3.48777222440574,Jul 2011,"2007-07-01","2011-06-01","2003-07-01","2007-06-01",0,0,0
"319",21431,4.036348193736,Jul 2011,"2007-07-01","2011-06-01","2003-07-01","2007-06-01",0,0,0
"320",21432,4.036348193736,Jul 2011,"2007-07-01","2011-06-01","2003-07-01","2007-06-01",0,0,0
"321",21441,3.45841490606525,Jul 2011,"2007-07-01","2011-06-01","2003-07-01","2007-06-01",0,0,0
"322",21442,3.45841490606525,Jul 2011,"2007-07-01","2011-06-01","2003-07-01","2007-06-01",0,0,0
"323",21461,3.87047831010424,Jul 2011,"2007-07-01","2011-06-01","2003-07-01","2007-06-01",0,0,0
"324",21462,3.87047831010424,Jul 2011,"2007-07-01","2011-06-01","2003-07-01","2007-06-01",0,0,0
"325",21481,4.31746537244553,Jul 2011,"2007-07-01","2011-06-01","2003-07-01","2007-06-01",0,0,0
"326",21482,4.31510593691135,Jul 2011,"2007-07-01","2011-06-01","2003-07-01","2007-06-01",0,0,0
"327",21491,4.31173819112538,Jul 2011,"2007-07-01","2011-06-01","2003-07-01","2007-06-01",0,0,0
"328",21492,4.31844440043088,Jul 2011,"2007-07-01","2011-06-01","2003-07-01","2007-06-01",0,0,0
"329",21501,4.39122622444517,Jul 2011,"2007-07-01","2011-06-01","2003-07-01","2007-06-01",0,0,0
"330",21502,4.51526898338145,Jul 2011,"2007-07-01","2011-06-01","2003-07-01","2007-06-01",0,0,0
"331",22041,2.14979970891658,Mar 2011,"2007-03-01","2011-02-01","2003-03-01","2007-02-01",0,0,0
"332",22042,2.08225579798342,Mar 2011,"2007-03-01","2011-02-01","2003-03-01","2007-02-01",0,0,0
"333",22051,2.06209983916077,Mar 2011,"2007-03-01","2011-02-01","2003-03-01","2007-02-01",0,0,0
"334",22052,2.10107556697422,Mar 2011,"2007-03-01","2011-02-01","2003-03-01","2007-02-01",0,0,0
"335",22241,2.19189960462326,Apr 2011,"2007-04-01","2011-03-01","2003-04-01","2007-03-01",0,0,0
"336",22242,2.00529992588562,Apr 2011,"2007-04-01","2011-03-01","2003-04-01","2007-03-01",0,0,0
"337",22251,2.21150005565573,Apr 2011,"2007-04-01","2011-03-01","2003-04-01","2007-03-01",0,0,0
"338",22252,2.21150005565573,Apr 2011,"2007-04-01","2011-03-01","2003-04-01","2007-03-01",0,0,0
"339",22261,2.1327997852341,Apr 2011,"2007-04-01","2011-03-01","2003-04-01","2007-03-01",0,0,0
"340",22262,1.75879970518813,Apr 2011,"2007-04-01","2011-03-01","2003-04-01","2007-03-01",0,0,0
"341",22301,2.78316366076326,Jul 2011,"2007-07-01","2011-06-01","2003-07-01","2007-06-01",0,0,0
"342",22302,2.78316366076326,Jul 2011,"2007-07-01","2011-06-01","2003-07-01","2007-06-01",0,0,0
"343",22341,2.48546044076176,Jul 2011,"2007-07-01","2011-06-01","2003-07-01","2007-06-01",0,0,0
"344",22342,2.48546044076176,Jul 2011,"2007-07-01","2011-06-01","2003-07-01","2007-06-01",0,0,0
"345",22361,2.63560287482159,Jul 2011,"2007-07-01","2011-06-01","2003-07-01","2007-06-01",0,0,0
"346",22362,2.48086966392355,Jul 2011,"2007-07-01","2011-06-01","2003-07-01","2007-06-01",0,0,0
"347",22371,2.47097733107478,Jul 2011,"2007-07-01","2011-06-01","2003-07-01","2007-06-01",0,0,0
"348",22372,2.47097733107478,Jul 2011,"2007-07-01","2011-06-01","2003-07-01","2007-06-01",0,0,0
"349",22381,2.14010025873265,Apr 2011,"2007-04-01","2011-03-01","2003-04-01","2007-03-01",0,0,0
"350",22382,2.14513814750563,Apr 2011,"2007-04-01","2011-03-01","2003-04-01","2007-03-01",0,0,0
"351",22401,2.19670015016968,Mar 2011,"2007-03-01","2011-02-01","2003-03-01","2007-02-01",0,0,0
"352",22402,2.1744945383734,Mar 2011,"2007-03-01","2011-02-01","2003-03-01","2007-02-01",0,0,0
"353",22411,2.06530022607036,Mar 2011,"2007-03-01","2011-02-01","2003-03-01","2007-02-01",0,0,0
"354",22412,2.06953181846873,Mar 2011,"2007-03-01","2011-02-01","2003-03-01","2007-02-01",0,0,0
"355",22421,2.18310014115396,Mar 2011,"2007-03-01","2011-02-01","2003-03-01","2007-02-01",0,0,0
"356",22422,2.05638173472039,Mar 2011,"2007-03-01","2011-02-01","2003-03-01","2007-02-01",0,0,0
"357",22431,2.18310014115396,Mar 2011,"2007-03-01","2011-02-01","2003-03-01","2007-02-01",0,0,0
"358",22432,2.18416347599818,Mar 2011,"2007-03-01","2011-02-01","2003-03-01","2007-02-01",0,0,0
"359",22441,2.18800032938461,Mar 2011,"2007-03-01","2011-02-01","2003-03-01","2007-02-01",0,0,0
"360",22442,2.10902215501635,Apr 2011,"2007-04-01","2011-03-01","2003-04-01","2007-03-01",0,0,0
"361",22451,2.10900038725091,Apr 2011,"2007-04-01","2011-03-01","2003-04-01","2007-03-01",0,0,0
"362",22452,1.75939981706824,Apr 2011,"2007-04-01","2011-03-01","2003-04-01","2007-03-01",0,0,0
"363",22471,2.17980014465811,Mar 2011,"2007-03-01","2011-02-01","2003-03-01","2007-02-01",0,0,0
"364",22472,2.04411793937244,Mar 2011,"2007-03-01","2011-02-01","2003-03-01","2007-02-01",0,0,0
"365",22481,2.18124853007851,Mar 2011,"2007-03-01","2011-02-01","2003-03-01","2007-02-01",0,0,0
"366",22482,2.18886506285223,Mar 2011,"2007-03-01","2011-02-01","2003-03-01","2007-02-01",0,0,0
"367",22491,2.18310014115396,Mar 2011,"2007-03-01","2011-02-01","2003-03-01","2007-02-01",0,0,0
"368",22492,2.18587862923071,Mar 2011,"2007-03-01","2011-02-01","2003-03-01","2007-02-01",0,0,0
"369",22501,2.18800032938461,Mar 2011,"2007-03-01","2011-02-01","2003-03-01","2007-02-01",0,0,0
"370",22502,2.18904115133001,Mar 2011,"2007-03-01","2011-02-01","2003-03-01","2007-02-01",0,0,0
"371",22511,2.09782433041536,Apr 2011,"2007-04-01","2011-03-01","2003-04-01","2007-03-01",0,0,0
"372",22512,1.92376478893112,Apr 2011,"2007-04-01","2011-03-01","2003-04-01","2007-03-01",0,0,0
"373",22521,2.09369993666645,Apr 2011,"2007-04-01","2011-03-01","2003-04-01","2007-03-01",0,0,0
"374",22522,2.09369993666645,Apr 2011,"2007-04-01","2011-03-01","2003-04-01","2007-03-01",0,0,0
"375",22531,2.10290004540257,Apr 2011,"2007-04-01","2011-03-01","2003-04-01","2007-03-01",0,0,0
"376",22532,1.75389959243001,Apr 2011,"2007-04-01","2011-03-01","2003-04-01","2007-03-01",0,0,0
"377",22541,2.09615046099551,Apr 2011,"2007-04-01","2011-03-01","2003-04-01","2007-03-01",0,0,0
"378",22542,2.1007858782373,Apr 2011,"2007-04-01","2011-03-01","2003-04-01","2007-03-01",0,0,0
"379",22551,2.13980010918276,Mar 2011,"2007-03-01","2011-02-01","2003-03-01","2007-02-01",0,0,0
"380",22552,2.14057569124463,Mar 2011,"2007-03-01","2011-02-01","2003-03-01","2007-02-01",0,0,0
"381",22561,2.14629963537818,Mar 2011,"2007-03-01","2011-02-01","2003-03-01","2007-02-01",0,0,0
"382",22562,2.14658171027531,Mar 2011,"2007-03-01","2011-02-01","2003-03-01","2007-02-01",0,0,0
"383",22571,2.15210039242251,Mar 2011,"2007-03-01","2011-02-01","2003-03-01","2007-02-01",0,0,0
"384",22572,2.14317393766214,Mar 2011,"2007-03-01","2011-02-01","2003-03-01","2007-02-01",0,0,0
"385",22581,2.13420024461885,Apr 2011,"2007-04-01","2011-03-01","2003-04-01","2007-03-01",0,0,0
"386",22582,1.96219979457485,Apr 2011,"2007-04-01","2011-03-01","2003-04-01","2007-03-01",0,0,0
"387",23011,2.81500039877227,Jul 2011,"2007-07-01","2011-06-01","2003-07-01","2007-06-01",0,0,0
"388",23012,2.81400235085063,Jul 2011,"2007-07-01","2011-06-01","2003-07-01","2007-06-01",0,0,0
"389",23021,2.68700018997484,Jul 2011,"2007-07-01","2011-06-01","2003-07-01","2007-06-01",0,0,0
"390",23022,2.72132693532344,Jul 2011,"2007-07-01","2011-06-01","2003-07-01","2007-06-01",0,0,0
"391",23041,3.01079981597236,Jul 2011,"2007-07-01","2011-06-01","2003-07-01","2007-06-01",0,0,0
"392",23042,3.00708717241001,Jul 2011,"2007-07-01","2011-06-01","2003-07-01","2007-06-01",0,0,0
"393",23061,2.44959959407449,Jul 2011,"2007-07-01","2011-06-01","2003-07-01","2007-06-01",0,0,0
"394",23062,2.44959959407449,Jul 2011,"2007-07-01","2011-06-01","2003-07-01","2007-06-01",0,0,0
"395",23071,3.06019985832604,Jul 2011,"2007-07-01","2011-06-01","2003-07-01","2007-06-01",0,0,0
"396",23072,2.99945474152267,Jul 2011,"2007-07-01","2011-06-01","2003-07-01","2007-06-01",0,0,0
"397",23081,2.62979950986446,Jul 2011,"2007-07-01","2011-06-01","2003-07-01","2007-06-01",0,0,0
"398",23082,2.62979950986446,Jul 2011,"2007-07-01","2011-06-01","2003-07-01","2007-06-01",0,0,0
"399",23141,3.08193749218242,Jul 2011,"2007-07-01","2011-06-01","2003-07-01","2007-06-01",0,0,0
"400",23142,3.08122823918058,Jul 2011,"2007-07-01","2011-06-01","2003-07-01","2007-06-01",0,0,0
"401",23161,2.51800046699868,Jul 2011,"2007-07-01","2011-06-01","2003-07-01","2007-06-01",0,0,0
"402",23162,2.50028981512225,Jul 2011,"2007-07-01","2011-06-01","2003-07-01","2007-06-01",0,0,0
"403",23171,2.44970053546926,Jul 2011,"2007-07-01","2011-06-01","2003-07-01","2007-06-01",0,0,0
"404",23172,2.44970053546926,Jul 2011,"2007-07-01","2011-06-01","2003-07-01","2007-06-01",0,0,0
"405",23181,2.95669778697276,Jul 2011,"2007-07-01","2011-06-01","2003-07-01","2007-06-01",0,0,0
"406",23182,2.95171861347769,Jul 2011,"2007-07-01","2011-06-01","2003-07-01","2007-06-01",0,0,0
"407",23201,3.00699991031592,Jul 2011,"2007-07-01","2011-06-01","2003-07-01","2007-06-01",0,0,0
"408",23202,3.00699991031592,Jul 2011,"2007-07-01","2011-06-01","2003-07-01","2007-06-01",0,0,0
"409",23211,2.4929998455069,Jul 2011,"2007-07-01","2011-06-01","2003-07-01","2007-06-01",0,0,0
"410",23212,2.4929998455069,Jul 2011,"2007-07-01","2011-06-01","2003-07-01","2007-06-01",0,0,0
"411",23221,3.1452813513705,Jul 2011,"2007-07-01","2011-06-01","2003-07-01","2007-06-01",0,0,0
"412",23222,3.1452813513705,Jul 2011,"2007-07-01","2011-06-01","2003-07-01","2007-06-01",0,0,0
"413",23231,3.08639624364149,Jul 2011,"2007-07-01","2011-06-01","2003-07-01","2007-06-01",0,0,0
"414",23232,3.08743579184005,Jul 2011,"2007-07-01","2011-06-01","2003-07-01","2007-06-01",0,0,0
"415",23251,3.14001553147254,Jul 2011,"2007-07-01","2011-06-01","2003-07-01","2007-06-01",0,0,0
"416",23252,3.14001553147254,Jul 2011,"2007-07-01","2011-06-01","2003-07-01","2007-06-01",0,0,0
"417",23261,2.4760000542857,Jul 2011,"2007-07-01","2011-06-01","2003-07-01","2007-06-01",0,0,0
"418",23262,2.49780633772699,Jul 2011,"2007-07-01","2011-06-01","2003-07-01","2007-06-01",0,0,0
"419",23271,3.07813036075883,Jul 2011,"2007-07-01","2011-06-01","2003-07-01","2007-06-01",0,0,0
"420",23272,3.07813036075883,Jul 2011,"2007-07-01","2011-06-01","2003-07-01","2007-06-01",0,0,0
"421",23281,3.04812070510612,Jul 2011,"2007-07-01","2011-06-01","2003-07-01","2007-06-01",0,0,0
"422",23282,3.04812070510612,Jul 2011,"2007-07-01","2011-06-01","2003-07-01","2007-06-01",0,0,0
"423",24011,3.66403341664377,Jul 2011,"2007-07-01","2011-06-01","2003-07-01","2007-06-01",0,0,0
"424",24012,3.66403341664377,Jul 2011,"2007-07-01","2011-06-01","2003-07-01","2007-06-01",0,0,0
"425",24031,3.16681531804886,Jul 2011,"2007-07-01","2011-06-01","2003-07-01","2007-06-01",0,0,0
"426",24032,3.51846431946955,Jul 2011,"2007-07-01","2011-06-01","2003-07-01","2007-06-01",0,0,0
"427",24041,3.39255237503073,Jul 2011,"2007-07-01","2011-06-01","2003-07-01","2007-06-01",0,0,0
"428",24042,3.39255237503073,Jul 2011,"2007-07-01","2011-06-01","2003-07-01","2007-06-01",0,0,0
"429",24061,2.71199980880273,Jul 2011,"2007-07-01","2011-06-01","2003-07-01","2007-06-01",0,0,0
"430",24062,2.71427748615512,Jul 2011,"2007-07-01","2011-06-01","2003-07-01","2007-06-01",0,0,0
"431",24071,2.78208726239595,Jul 2011,"2007-07-01","2011-06-01","2003-07-01","2007-06-01",0,0,0
"432",24072,2.74357813184929,Jul 2011,"2007-07-01","2011-06-01","2003-07-01","2007-06-01",0,0,0
"433",24081,3.38399944152977,Jul 2011,"2007-07-01","2011-06-01","2003-07-01","2007-06-01",0,0,0
"434",24082,3.38399944152977,Jul 2011,"2007-07-01","2011-06-01","2003-07-01","2007-06-01",0,0,0
"435",24091,3.47780084380683,Jul 2011,"2007-07-01","2011-06-01","2003-07-01","2007-06-01",0,0,0
"436",24092,3.42656488542355,Jul 2011,"2007-07-01","2011-06-01","2003-07-01","2007-06-01",0,0,0
"437",24111,3.64910046099129,Jul 2011,"2007-07-01","2011-06-01","2003-07-01","2007-06-01",0,0,0
"438",24112,3.64910046099129,Jul 2011,"2007-07-01","2011-06-01","2003-07-01","2007-06-01",0,0,0
"439",24121,3.68250043668595,Jul 2011,"2007-07-01","2011-06-01","2003-07-01","2007-06-01",0,0,0
"440",24122,3.71032894514412,Jul 2011,"2007-07-01","2011-06-01","2003-07-01","2007-06-01",0,0,0
"441",24131,3.6132003552645,Jul 2011,"2007-07-01","2011-06-01","2003-07-01","2007-06-01",0,0,0
"442",24132,3.6132003552645,Jul 2011,"2007-07-01","2011-06-01","2003-07-01","2007-06-01",0,0,0
"443",24141,3.61840077726333,Jul 2011,"2007-07-01","2011-06-01","2003-07-01","2007-06-01",0,0,0
"444",24142,3.68276790792018,Jul 2011,"2007-07-01","2011-06-01","2003-07-01","2007-06-01",0,0,0
"445",24151,2.94200056503229,Jul 2011,"2007-07-01","2011-06-01","2003-07-01","2007-06-01",0,0,0
"446",24152,2.94200056503229,Jul 2011,"2007-07-01","2011-06-01","2003-07-01","2007-06-01",0,0,0
"447",24161,3.08830035115263,Jul 2011,"2007-07-01","2011-06-01","2003-07-01","2007-06-01",0,0,0
"448",24162,3.32444951828082,Jul 2011,"2007-07-01","2011-06-01","2003-07-01","2007-06-01",0,0,0
"449",24171,3.29469980690844,Jul 2011,"2007-07-01","2011-06-01","2003-07-01","2007-06-01",0,0,0
"450",24172,3.29469980690844,Jul 2011,"2007-07-01","2011-06-01","2003-07-01","2007-06-01",0,0,0
"451",24181,3.30219944426126,Jul 2011,"2007-07-01","2011-06-01","2003-07-01","2007-06-01",0,0,0
"452",24182,3.30219944426126,Jul 2011,"2007-07-01","2011-06-01","2003-07-01","2007-06-01",0,0,0
"453",24191,3.29139939129088,Jul 2011,"2007-07-01","2011-06-01","2003-07-01","2007-06-01",0,0,0
"454",24192,3.66037451625436,Jul 2011,"2007-07-01","2011-06-01","2003-07-01","2007-06-01",0,0,0
"455",24201,3.30140086810584,Jul 2011,"2007-07-01","2011-06-01","2003-07-01","2007-06-01",0,0,0
"456",24202,3.31484127528301,Jul 2011,"2007-07-01","2011-06-01","2003-07-01","2007-06-01",0,0,0
"457",24211,3.32249999279157,Jul 2011,"2007-07-01","2011-06-01","2003-07-01","2007-06-01",0,0,0
"458",24212,3.32249999279157,Jul 2011,"2007-07-01","2011-06-01","2003-07-01","2007-06-01",0,0,0
"459",24221,3.17299985453597,Jul 2011,"2007-07-01","2011-06-01","2003-07-01","2007-06-01",0,0,0
"460",24222,3.53329264000967,Jul 2011,"2007-07-01","2011-06-01","2003-07-01","2007-06-01",0,0,0
"461",24241,3.02679935245439,Jul 2011,"2007-07-01","2011-06-01","2003-07-01","2007-06-01",0,0,0
"462",24242,3.02679935245439,Jul 2011,"2007-07-01","2011-06-01","2003-07-01","2007-06-01",0,0,0
"463",24261,2.87210034215999,Jul 2011,"2007-07-01","2011-06-01","2003-07-01","2007-06-01",0,0,0
"464",24262,2.85594145653336,Jul 2011,"2007-07-01","2011-06-01","2003-07-01","2007-06-01",0,0,0
"465",24271,2.87580027490025,Jul 2011,"2007-07-01","2011-06-01","2003-07-01","2007-06-01",0,0,0
"466",24272,2.97951452422588,Jul 2011,"2007-07-01","2011-06-01","2003-07-01","2007-06-01",0,0,0
"467",24281,3.05115148552155,Jul 2011,"2007-07-01","2011-06-01","2003-07-01","2007-06-01",0,0,0
"468",24282,3.05115148552155,Jul 2011,"2007-07-01","2011-06-01","2003-07-01","2007-06-01",0,0,0
"469",24291,2.85920009972641,Jul 2011,"2007-07-01","2011-06-01","2003-07-01","2007-06-01",0,0,0
"470",24292,2.85920009972641,Jul 2011,"2007-07-01","2011-06-01","2003-07-01","2007-06-01",0,0,0
"471",24301,3.7787196630404,Jul 2011,"2007-07-01","2011-06-01","2003-07-01","2007-06-01",0,0,0
"472",24302,3.78925068763764,Jul 2011,"2007-07-01","2011-06-01","2003-07-01","2007-06-01",0,0,0
"473",24341,3.90318873080693,Jul 2011,"2007-07-01","2011-06-01","2003-07-01","2007-06-01",0,0,0
"474",24342,3.96954214144807,Jul 2011,"2007-07-01","2011-06-01","2003-07-01","2007-06-01",0,0,0
"475",24391,3.43881725687408,Jul 2011,"2007-07-01","2011-06-01","2003-07-01","2007-06-01",0,0,0
"476",24392,3.43881725687408,Jul 2011,"2007-07-01","2011-06-01","2003-07-01","2007-06-01",0,0,0
"477",24421,3.28369946876346,Jul 2011,"2007-07-01","2011-06-01","2003-07-01","2007-06-01",0,0,0
"478",24422,3.26180011064191,Jul 2011,"2007-07-01","2011-06-01","2003-07-01","2007-06-01",0,0,0
"479",24441,3.42073888978207,Jul 2011,"2007-07-01","2011-06-01","2003-07-01","2007-06-01",0,0,0
"480",24442,3.42073888978207,Jul 2011,"2007-07-01","2011-06-01","2003-07-01","2007-06-01",0,0,0
"481",24461,2.95590040929208,Jul 2011,"2007-07-01","2011-06-01","2003-07-01","2007-06-01",0,0,0
"482",24462,2.98527965348782,Jul 2011,"2007-07-01","2011-06-01","2003-07-01","2007-06-01",0,0,0
"483",24471,2.9384992175666,Jul 2011,"2007-07-01","2011-06-01","2003-07-01","2007-06-01",0,0,0
"484",24472,2.9384992175666,Jul 2011,"2007-07-01","2011-06-01","2003-07-01","2007-06-01",0,0,0
"485",24481,2.92070050786843,Jul 2011,"2007-07-01","2011-06-01","2003-07-01","2007-06-01",0,0,0
"486",24482,2.92070050786843,Jul 2011,"2007-07-01","2011-06-01","2003-07-01","2007-06-01",0,0,0
"487",24491,2.95999940996506,Jul 2011,"2007-07-01","2011-06-01","2003-07-01","2007-06-01",0,0,0
"488",24492,2.95999940996506,Jul 2011,"2007-07-01","2011-06-01","2003-07-01","2007-06-01",0,0,0
"489",24501,2.96760043402695,Jul 2011,"2007-07-01","2011-06-01","2003-07-01","2007-06-01",0,0,0
"490",24502,2.96760043402695,Jul 2011,"2007-07-01","2011-06-01","2003-07-01","2007-06-01",0,0,0
"491",24511,2.95999940996506,Jul 2011,"2007-07-01","2011-06-01","2003-07-01","2007-06-01",0,0,0
"492",24512,2.95999940996506,Jul 2011,"2007-07-01","2011-06-01","2003-07-01","2007-06-01",0,0,0
"493",24531,2.96629940344973,Jul 2011,"2007-07-01","2011-06-01","2003-07-01","2007-06-01",0,0,0
"494",24532,2.96629940344973,Jul 2011,"2007-07-01","2011-06-01","2003-07-01","2007-06-01",0,0,0
"495",24541,2.96889961476415,Jul 2011,"2007-07-01","2011-06-01","2003-07-01","2007-06-01",0,0,0
"496",24542,2.96889961476415,Jul 2011,"2007-07-01","2011-06-01","2003-07-01","2007-06-01",0,0,0
"497",24571,3.74290016336832,Jul 2011,"2007-07-01","2011-06-01","2003-07-01","2007-06-01",0,0,0
"498",24572,3.74290016336832,Jul 2011,"2007-07-01","2011-06-01","2003-07-01","2007-06-01",0,0,0
"499",24581,3.89135503165839,Jul 2011,"2007-07-01","2011-06-01","2003-07-01","2007-06-01",0,0,0
"500",24582,3.89135503165839,Jul 2011,"2007-07-01","2011-06-01","2003-07-01","2007-06-01",0,0,0
"501",31011,2.39740027552106,Mar 2011,"2007-03-01","2011-02-01","2003-03-01","2007-02-01",0,0,0
"502",31012,2.4109455991087,Mar 2011,"2007-03-01","2011-02-01","2003-03-01","2007-02-01",0,0,0
"503",31021,2.613415719472,Feb 2011,"2007-02-01","2011-01-01","2003-02-01","2007-01-01",0,0,0
"504",31022,2.45142616288525,Mar 2011,"2007-03-01","2011-02-01","2003-03-01","2007-02-01",0,0,0
"505",31031,2.56719995709509,Feb 2011,"2007-02-01","2011-01-01","2003-02-01","2007-01-01",0,0,0
"506",31032,2.30276923913449,Mar 2011,"2007-03-01","2011-02-01","2003-03-01","2007-02-01",0,0,0
"507",31041,2.33049995193409,Mar 2011,"2007-03-01","2011-02-01","2003-03-01","2007-02-01",0,0,0
"508",31042,2.32250845406896,Mar 2011,"2007-03-01","2011-02-01","2003-03-01","2007-02-01",0,0,0
"509",31051,2.62727145404644,Feb 2011,"2007-02-01","2011-01-01","2003-02-01","2007-01-01",0,0,0
"510",31052,2.71190495197604,Feb 2011,"2007-02-01","2011-01-01","2003-02-01","2007-01-01",0,0,0
"511",31061,2.62720019598419,Feb 2011,"2007-02-01","2011-01-01","2003-02-01","2007-01-01",0,0,0
"512",31062,2.50310681416978,Feb 2011,"2007-02-01","2011-01-01","2003-02-01","2007-01-01",0,0,0
"513",31081,2.53500011520239,Feb 2011,"2007-02-01","2011-01-01","2003-02-01","2007-01-01",0,0,0
"514",31082,2.53500011520239,Feb 2011,"2007-02-01","2011-01-01","2003-02-01","2007-01-01",0,0,0
"515",31091,2.33580005877815,Mar 2011,"2007-03-01","2011-02-01","2003-03-01","2007-02-01",0,0,0
"516",31092,2.46064395283414,Feb 2011,"2007-02-01","2011-01-01","2003-02-01","2007-01-01",0,0,0
"517",31101,2.37900008985585,Mar 2011,"2007-03-01","2011-02-01","2003-03-01","2007-02-01",0,0,0
"518",31102,2.20092307220114,Mar 2011,"2007-03-01","2011-02-01","2003-03-01","2007-02-01",0,0,0
"519",31111,2.98820019894845,Sep 2011,"2007-09-01","2011-08-01","2003-09-01","2007-08-01",0,0,0
"520",31112,3.20100868538075,Sep 2011,"2007-09-01","2011-08-01","2003-09-01","2007-08-01",0,0,0
"521",31121,3.01860038265474,Aug 2011,"2007-08-01","2011-07-01","2003-08-01","2007-07-01",0,0,0
"522",31122,3.01860038265474,Aug 2011,"2007-08-01","2011-07-01","2003-08-01","2007-07-01",0,0,0
"523",31131,2.95650007570514,Sep 2011,"2007-09-01","2011-08-01","2003-09-01","2007-08-01",0,0,0
"524",31132,3.10871634831895,Aug 2011,"2007-08-01","2011-07-01","2003-08-01","2007-07-01",0,0,0
"525",31141,2.96359991761842,Sep 2011,"2007-09-01","2011-08-01","2003-09-01","2007-08-01",0,0,0
"526",31142,3.02629956899847,Aug 2011,"2007-08-01","2011-07-01","2003-08-01","2007-07-01",0,0,0
"527",31151,2.83159953013985,Aug 2011,"2007-08-01","2011-07-01","2003-08-01","2007-07-01",0,0,0
"528",31152,2.8281639974187,Aug 2011,"2007-08-01","2011-07-01","2003-08-01","2007-07-01",0,0,0
"529",31161,2.81700025990377,Aug 2011,"2007-08-01","2011-07-01","2003-08-01","2007-07-01",0,0,0
"530",31162,2.7498470851476,Aug 2011,"2007-08-01","2011-07-01","2003-08-01","2007-07-01",0,0,0
"531",31171,2.80719978065753,Sep 2011,"2007-09-01","2011-08-01","2003-09-01","2007-08-01",0,0,0
"532",31172,2.84424704669191,Sep 2011,"2007-09-01","2011-08-01","2003-09-01","2007-08-01",0,0,0
"533",31181,3.04679961781096,Aug 2011,"2007-08-01","2011-07-01","2003-08-01","2007-07-01",0,0,0
"534",31182,3.01600112694549,Aug 2011,"2007-08-01","2011-07-01","2003-08-01","2007-07-01",0,0,0
"535",31191,2.82289994437565,Sep 2011,"2007-09-01","2011-08-01","2003-09-01","2007-08-01",0,0,0
"536",31192,2.8419299906859,Aug 2011,"2007-08-01","2011-07-01","2003-08-01","2007-07-01",0,0,0
"537",31201,2.55538494055718,Aug 2011,"2007-08-01","2011-07-01","2003-08-01","2007-07-01",0,0,0
"538",31202,2.52666817701034,Aug 2011,"2007-08-01","2011-07-01","2003-08-01","2007-07-01",0,0,0
"539",31211,2.55560801804123,Aug 2011,"2007-08-01","2011-07-01","2003-08-01","2007-07-01",0,0,0
"540",31212,2.47405437582992,Aug 2011,"2007-08-01","2011-07-01","2003-08-01","2007-07-01",0,0,0
"541",31221,2.56349976763974,Aug 2011,"2007-08-01","2011-07-01","2003-08-01","2007-07-01",0,0,0
"542",31222,2.54355321300303,Aug 2011,"2007-08-01","2011-07-01","2003-08-01","2007-07-01",0,0,0
"543",31231,2.7150000846139,Aug 2011,"2007-08-01","2011-07-01","2003-08-01","2007-07-01",0,0,0
"544",31232,2.65440925779117,Aug 2011,"2007-08-01","2011-07-01","2003-08-01","2007-07-01",0,0,0
"545",31241,2.19640040014834,Aug 2011,"2007-08-01","2011-07-01","2003-08-01","2007-07-01",0,0,0
"546",31242,2.45570582253195,Sep 2011,"2007-09-01","2011-08-01","2003-09-01","2007-08-01",0,0,0
"547",31261,2.98369978843788,Sep 2011,"2007-09-01","2011-08-01","2003-09-01","2007-08-01",0,0,0
"548",31262,3.12790185588012,Aug 2011,"2007-08-01","2011-07-01","2003-08-01","2007-07-01",0,0,0
"549",31271,2.76185001069747,Aug 2011,"2007-08-01","2011-07-01","2003-08-01","2007-07-01",0,0,0
"550",31272,2.76185001069747,Aug 2011,"2007-08-01","2011-07-01","2003-08-01","2007-07-01",0,0,0
"551",31301,2.37330018485919,Mar 2011,"2007-03-01","2011-02-01","2003-03-01","2007-02-01",0,0,0
"552",31302,2.37370014893887,Mar 2011,"2007-03-01","2011-02-01","2003-03-01","2007-02-01",0,0,0
"553",31311,2.72580022265838,Aug 2011,"2007-08-01","2011-07-01","2003-08-01","2007-07-01",0,0,0
"554",31312,2.72580022265838,Aug 2011,"2007-08-01","2011-07-01","2003-08-01","2007-07-01",0,0,0
"555",31321,2.73809955325004,Aug 2011,"2007-08-01","2011-07-01","2003-08-01","2007-07-01",0,0,0
"556",31322,2.73809955325004,Aug 2011,"2007-08-01","2011-07-01","2003-08-01","2007-07-01",0,0,0
"557",32011,5.05680117455875,May 2011,"2007-05-01","2011-04-01","2003-05-01","2007-04-01",0,0,0
"558",32012,5.3569757086787,Jun 2011,"2007-06-01","2011-05-01","2003-06-01","2007-05-01",0,0,0
"559",32021,5.05680117455875,May 2011,"2007-05-01","2011-04-01","2003-05-01","2007-04-01",0,0,0
"560",32022,5.05680117455875,May 2011,"2007-05-01","2011-04-01","2003-05-01","2007-04-01",0,0,0
"561",32031,5.11699941238435,May 2011,"2007-05-01","2011-04-01","2003-05-01","2007-04-01",0,0,0
"562",32032,5.06822521385726,May 2011,"2007-05-01","2011-04-01","2003-05-01","2007-04-01",0,0,0
"563",32041,5.51749946457804,Jun 2011,"2007-06-01","2011-05-01","2003-06-01","2007-05-01",0,0,0
"564",32042,5.51749946457804,Jun 2011,"2007-06-01","2011-05-01","2003-06-01","2007-05-01",0,0,0
"565",32051,5.16039989324441,May 2011,"2007-05-01","2011-04-01","2003-05-01","2007-04-01",0,0,0
"566",32052,5.16039989324441,May 2011,"2007-05-01","2011-04-01","2003-05-01","2007-04-01",0,0,0
"567",32071,5.65779975171085,Jun 2011,"2007-06-01","2011-05-01","2003-06-01","2007-05-01",0,0,0
"568",32072,5.65779975171085,Jun 2011,"2007-06-01","2011-05-01","2003-06-01","2007-05-01",0,0,0
"569",32151,4.83179995455989,May 2011,"2007-05-01","2011-04-01","2003-05-01","2007-04-01",0,0,0
"570",32152,4.85348797632377,May 2011,"2007-05-01","2011-04-01","2003-05-01","2007-04-01",0,0,0
"571",32161,4.79860085993101,May 2011,"2007-05-01","2011-04-01","2003-05-01","2007-04-01",0,0,0
"572",32162,4.416468610171,May 2011,"2007-05-01","2011-04-01","2003-05-01","2007-04-01",0,0,0
"573",32171,4.20479951950437,May 2011,"2007-05-01","2011-04-01","2003-05-01","2007-04-01",0,0,0
"574",32172,4.06633208130367,May 2011,"2007-05-01","2011-04-01","2003-05-01","2007-04-01",0,0,0
"575",32181,4.26220001624717,Jun 2011,"2007-06-01","2011-05-01","2003-06-01","2007-05-01",0,0,0
"576",32182,4.22445952028219,Jun 2011,"2007-06-01","2011-05-01","2003-06-01","2007-05-01",0,0,0
"577",32191,4.67090855017188,Jun 2011,"2007-06-01","2011-05-01","2003-06-01","2007-05-01",0,0,0
"578",32192,4.67090855017188,Jun 2011,"2007-06-01","2011-05-01","2003-06-01","2007-05-01",0,0,0
"579",32201,5.20224362701488,Jun 2011,"2007-06-01","2011-05-01","2003-06-01","2007-05-01",0,0,0
"580",32202,5.20224362701488,Jun 2011,"2007-06-01","2011-05-01","2003-06-01","2007-05-01",0,0,0
"581",32211,4.77500116208027,May 2011,"2007-05-01","2011-04-01","2003-05-01","2007-04-01",0,0,0
"582",32212,4.77249870736533,May 2011,"2007-05-01","2011-04-01","2003-05-01","2007-04-01",0,0,0
"583",32221,3.84100025258672,May 2011,"2007-05-01","2011-04-01","2003-05-01","2007-04-01",0,0,0
"584",32222,3.83566569255719,May 2011,"2007-05-01","2011-04-01","2003-05-01","2007-04-01",0,0,0
"585",32231,3.70459944729505,May 2011,"2007-05-01","2011-04-01","2003-05-01","2007-04-01",0,0,0
"586",32232,3.70435677531304,May 2011,"2007-05-01","2011-04-01","2003-05-01","2007-04-01",0,0,0
"587",32241,4.0961002688967,Jun 2011,"2007-06-01","2011-05-01","2003-06-01","2007-05-01",0,0,0
"588",32242,4.0961002688967,Jun 2011,"2007-06-01","2011-05-01","2003-06-01","2007-05-01",0,0,0
"589",32251,4.06250150972492,Jun 2011,"2007-06-01","2011-05-01","2003-06-01","2007-05-01",0,0,0
"590",32252,4.06250150972492,Jun 2011,"2007-06-01","2011-05-01","2003-06-01","2007-05-01",0,0,0
"591",32341,4.0507993119046,May 2011,"2007-05-01","2011-04-01","2003-05-01","2007-04-01",0,0,0
"592",32342,4.0507993119046,May 2011,"2007-05-01","2011-04-01","2003-05-01","2007-04-01",0,0,0
"593",32461,5.18964280160098,Jun 2011,"2007-06-01","2011-05-01","2003-06-01","2007-05-01",0,0,0
"594",32462,5.19598804237161,Jun 2011,"2007-06-01","2011-05-01","2003-06-01","2007-05-01",0,0,0
"595",32471,5.20150087210567,Jun 2011,"2007-06-01","2011-05-01","2003-06-01","2007-05-01",0,0,0
"596",32472,5.30389505759544,Jun 2011,"2007-06-01","2011-05-01","2003-06-01","2007-05-01",0,0,0
"597",32481,5.19560101835265,Jun 2011,"2007-06-01","2011-05-01","2003-06-01","2007-05-01",0,0,0
"598",32482,5.30389505759544,Jun 2011,"2007-06-01","2011-05-01","2003-06-01","2007-05-01",0,0,0
"599",32491,5.22490141019849,Jun 2011,"2007-06-01","2011-05-01","2003-06-01","2007-05-01",0,0,0
"600",32492,5.22490141019849,Jun 2011,"2007-06-01","2011-05-01","2003-06-01","2007-05-01",0,0,0
"601",32501,5.25989887351799,Jun 2011,"2007-06-01","2011-05-01","2003-06-01","2007-05-01",0,0,0
"602",32502,4.92637571362958,May 2011,"2007-05-01","2011-04-01","2003-05-01","2007-04-01",0,0,0
"603",32521,5.13090067719874,Jun 2011,"2007-06-01","2011-05-01","2003-06-01","2007-05-01",0,0,0
"604",32522,5.04970888426956,Jun 2011,"2007-06-01","2011-05-01","2003-06-01","2007-05-01",0,0,0
"605",32541,5.17038526159006,Jul 2011,"2007-07-01","2011-06-01","2003-07-01","2007-06-01",0,0,0
"606",32542,5.12704014260097,Jul 2011,"2007-07-01","2011-06-01","2003-07-01","2007-06-01",0,0,0
"607",32551,5.20656061931059,Jul 2011,"2007-07-01","2011-06-01","2003-07-01","2007-06-01",0,0,0
"608",32552,5.19625048344835,Jul 2011,"2007-07-01","2011-06-01","2003-07-01","2007-06-01",0,0,0
"609",32561,5.07912064541588,Jul 2011,"2007-07-01","2011-06-01","2003-07-01","2007-06-01",0,0,0
"610",32562,5.17564201846236,Jul 2011,"2007-07-01","2011-06-01","2003-07-01","2007-06-01",0,0,0
"611",32581,4.22390104844659,Jul 2011,"2007-07-01","2011-06-01","2003-07-01","2007-06-01",0,0,0
"612",32582,4.02965062306116,Jul 2011,"2007-07-01","2011-06-01","2003-07-01","2007-06-01",0,0,0
"613",32591,3.65799981553987,Jul 2011,"2007-07-01","2011-06-01","2003-07-01","2007-06-01",0,0,0
"614",32592,3.65128511990052,Jul 2011,"2007-07-01","2011-06-01","2003-07-01","2007-06-01",0,0,0
"615",32601,4.93839958769112,Jun 2011,"2007-06-01","2011-05-01","2003-06-01","2007-05-01",0,0,0
"616",32602,4.93839958769112,Jun 2011,"2007-06-01","2011-05-01","2003-06-01","2007-05-01",0,0,0
"617",32611,5.0377015911761,Jun 2011,"2007-06-01","2011-05-01","2003-06-01","2007-05-01",0,0,0
"618",32612,5.0377015911761,Jun 2011,"2007-06-01","2011-05-01","2003-06-01","2007-05-01",0,0,0
"619",32621,5.02000146705705,Jun 2011,"2007-06-01","2011-05-01","2003-06-01","2007-05-01",0,0,0
"620",32622,4.72907660692252,May 2011,"2007-05-01","2011-04-01","2003-05-01","2007-04-01",0,0,0
"621",32631,5.14389956353924,Jun 2011,"2007-06-01","2011-05-01","2003-06-01","2007-05-01",0,0,0
"622",32632,5.32697802415829,Jun 2011,"2007-06-01","2011-05-01","2003-06-01","2007-05-01",0,0,0
"623",33011,2.71499974863548,Apr 2011,"2007-04-01","2011-03-01","2003-04-01","2007-03-01",0,0,0
"624",33012,2.58580234325067,Mar 2011,"2007-03-01","2011-02-01","2003-03-01","2007-02-01",0,0,0
"625",33021,2.61509972597256,Mar 2011,"2007-03-01","2011-02-01","2003-03-01","2007-02-01",0,0,0
"626",33022,2.68634855130676,Apr 2011,"2007-04-01","2011-03-01","2003-04-01","2007-03-01",0,0,0
"627",33031,2.79059974011695,Apr 2011,"2007-04-01","2011-03-01","2003-04-01","2007-03-01",0,0,0
"628",33032,2.64764951374976,Apr 2011,"2007-04-01","2011-03-01","2003-04-01","2007-03-01",0,0,0
"629",33051,2.71060018496438,Apr 2011,"2007-04-01","2011-03-01","2003-04-01","2007-03-01",0,0,0
"630",33052,2.69483964686095,Apr 2011,"2007-04-01","2011-03-01","2003-04-01","2007-03-01",0,0,0
"631",33061,2.53790022597602,Mar 2011,"2007-03-01","2011-02-01","2003-03-01","2007-02-01",0,0,0
"632",33062,2.58373127496334,Mar 2011,"2007-03-01","2011-02-01","2003-03-01","2007-02-01",0,0,0
"633",33071,2.67800042928952,Apr 2011,"2007-04-01","2011-03-01","2003-04-01","2007-03-01",0,0,0
"634",33072,2.75345037357399,Apr 2011,"2007-04-01","2011-03-01","2003-04-01","2007-03-01",0,0,0
"635",33081,2.54669983421933,Mar 2011,"2007-03-01","2011-02-01","2003-03-01","2007-02-01",0,0,0
"636",33082,2.73212748979735,Apr 2011,"2007-04-01","2011-03-01","2003-04-01","2007-03-01",0,0,0
"637",33091,2.75439992474537,Apr 2011,"2007-04-01","2011-03-01","2003-04-01","2007-03-01",0,0,0
"638",33092,2.6196316071517,Mar 2011,"2007-03-01","2011-02-01","2003-03-01","2007-02-01",0,0,0
"639",33101,2.64689988416529,Mar 2011,"2007-03-01","2011-02-01","2003-03-01","2007-02-01",0,0,0
"640",33102,2.69142240099064,Apr 2011,"2007-04-01","2011-03-01","2003-04-01","2007-03-01",0,0,0
"641",33111,2.5733001481973,Mar 2011,"2007-03-01","2011-02-01","2003-03-01","2007-02-01",0,0,0
"642",33112,2.23925358046658,Mar 2011,"2007-03-01","2011-02-01","2003-03-01","2007-02-01",0,0,0
"643",33121,2.53480030288806,Mar 2011,"2007-03-01","2011-02-01","2003-03-01","2007-02-01",0,0,0
"644",33122,2.65570211106945,Mar 2011,"2007-03-01","2011-02-01","2003-03-01","2007-02-01",0,0,0
"645",33131,2.51150011049655,Mar 2011,"2007-03-01","2011-02-01","2003-03-01","2007-02-01",0,0,0
"646",33132,2.67622833321901,Mar 2011,"2007-03-01","2011-02-01","2003-03-01","2007-02-01",0,0,0
"647",33141,3.40540005305221,Sep 2011,"2007-09-01","2011-08-01","2003-09-01","2007-08-01",0,0,0
"648",33142,2.72513944724982,Dec 2011,"2007-12-01","2011-11-01","2003-12-01","2007-11-01",0,0,0
"649",33151,3.19079957288739,Nov 2011,"2007-11-01","2011-10-01","2003-11-01","2007-10-01",0,0,0
"650",33152,3.40374761928717,Sep 2011,"2007-09-01","2011-08-01","2003-09-01","2007-08-01",0,0,0
"651",33161,3.468399309164,Nov 2011,"2007-11-01","2011-10-01","2003-11-01","2007-10-01",0,0,0
"652",33162,3.54140317218308,Nov 2011,"2007-11-01","2011-10-01","2003-11-01","2007-10-01",0,0,0
"653",33171,3.5860000075606,Nov 2011,"2007-11-01","2011-10-01","2003-11-01","2007-10-01",0,0,0
"654",33172,3.5668742710466,Nov 2011,"2007-11-01","2011-10-01","2003-11-01","2007-10-01",0,0,0
"655",33181,3.51899977550234,Nov 2011,"2007-11-01","2011-10-01","2003-11-01","2007-10-01",0,0,0
"656",33182,3.61190373910614,Nov 2011,"2007-11-01","2011-10-01","2003-11-01","2007-10-01",0,0,0
"657",33191,3.57810043731834,Nov 2011,"2007-11-01","2011-10-01","2003-11-01","2007-10-01",0,0,0
"658",33192,3.57556728605197,Nov 2011,"2007-11-01","2011-10-01","2003-11-01","2007-10-01",0,0,0
"659",33201,3.07949976257212,Nov 2011,"2007-11-01","2011-10-01","2003-11-01","2007-10-01",0,0,0
"660",33202,3.0770869209576,Nov 2011,"2007-11-01","2011-10-01","2003-11-01","2007-10-01",0,0,0
"661",33211,3.14100028058201,Sep 2011,"2007-09-01","2011-08-01","2003-09-01","2007-08-01",0,0,0
"662",33212,3.17849536231676,Sep 2011,"2007-09-01","2011-08-01","2003-09-01","2007-08-01",0,0,0
"663",33221,3.03299949829131,Nov 2011,"2007-11-01","2011-10-01","2003-11-01","2007-10-01",0,0,0
"664",33222,3.07888014970512,Nov 2011,"2007-11-01","2011-10-01","2003-11-01","2007-10-01",0,0,0
"665",33231,2.81830018509891,Apr 2011,"2007-04-01","2011-03-01","2003-04-01","2007-03-01",0,0,0
"666",33232,2.56016636069885,Apr 2011,"2007-04-01","2011-03-01","2003-04-01","2007-03-01",0,0,0
"667",33241,2.78270028369413,Apr 2011,"2007-04-01","2011-03-01","2003-04-01","2007-03-01",0,0,0
"668",33242,2.56487531660881,Apr 2011,"2007-04-01","2011-03-01","2003-04-01","2007-03-01",0,0,0
"669",33251,2.56050014662015,Apr 2011,"2007-04-01","2011-03-01","2003-04-01","2007-03-01",0,0,0
"670",33252,2.60017133303408,Apr 2011,"2007-04-01","2011-03-01","2003-04-01","2007-03-01",0,0,0
"671",33261,2.57150035802778,Apr 2011,"2007-04-01","2011-03-01","2003-04-01","2007-03-01",0,0,0
"672",33262,2.59047826477417,Apr 2011,"2007-04-01","2011-03-01","2003-04-01","2007-03-01",0,0,0
"673",33271,2.57200010054957,Apr 2011,"2007-04-01","2011-03-01","2003-04-01","2007-03-01",0,0,0
"674",33272,2.57200010054957,Apr 2011,"2007-04-01","2011-03-01","2003-04-01","2007-03-01",0,0,0
"675",33281,3.0746666084276,Sep 2011,"2007-09-01","2011-08-01","2003-09-01","2007-08-01",0,0,0
"676",33282,3.26153856955822,Sep 2011,"2007-09-01","2011-08-01","2003-09-01","2007-08-01",0,0,0
"677",33291,2.77970039900201,Sep 2011,"2007-09-01","2011-08-01","2003-09-01","2007-08-01",0,0,0
"678",33292,2.77826753425183,Sep 2011,"2007-09-01","2011-08-01","2003-09-01","2007-08-01",0,0,0
"679",33301,2.80740060428776,Sep 2011,"2007-09-01","2011-08-01","2003-09-01","2007-08-01",0,0,0
"680",33302,2.84101482987794,Sep 2011,"2007-09-01","2011-08-01","2003-09-01","2007-08-01",0,0,0
"681",33321,2.81400002928634,Sep 2011,"2007-09-01","2011-08-01","2003-09-01","2007-08-01",0,0,0
"682",33322,2.79191167362842,Sep 2011,"2007-09-01","2011-08-01","2003-09-01","2007-08-01",0,0,0
"683",33331,3.04950045606548,Sep 2011,"2007-09-01","2011-08-01","2003-09-01","2007-08-01",0,0,0
"684",33332,2.92448609094948,Sep 2011,"2007-09-01","2011-08-01","2003-09-01","2007-08-01",0,0,0
"685",33341,2.66719973884443,Sep 2011,"2007-09-01","2011-08-01","2003-09-01","2007-08-01",0,0,0
"686",33342,2.61898536448974,Sep 2011,"2007-09-01","2011-08-01","2003-09-01","2007-08-01",0,0,0
"687",33351,2.63623784702192,Sep 2011,"2007-09-01","2011-08-01","2003-09-01","2007-08-01",0,0,0
"688",33352,2.62812333614625,Sep 2011,"2007-09-01","2011-08-01","2003-09-01","2007-08-01",0,0,0
"689",33361,2.44710018695491,Mar 2011,"2007-03-01","2011-02-01","2003-03-01","2007-02-01",0,0,0
"690",33362,2.46614321295788,Mar 2011,"2007-03-01","2011-02-01","2003-03-01","2007-02-01",0,0,0
"691",33371,2.48650000606579,Mar 2011,"2007-03-01","2011-02-01","2003-03-01","2007-02-01",0,0,0
"692",33372,2.51797909019629,Mar 2011,"2007-03-01","2011-02-01","2003-03-01","2007-02-01",0,0,0
"693",33381,2.5090003250532,Mar 2011,"2007-03-01","2011-02-01","2003-03-01","2007-02-01",0,0,0
"694",33382,2.48828572793159,Mar 2011,"2007-03-01","2011-02-01","2003-03-01","2007-02-01",0,0,0
"695",33391,2.52830025116654,Mar 2011,"2007-03-01","2011-02-01","2003-03-01","2007-02-01",0,0,0
"696",33392,2.51388230172628,Mar 2011,"2007-03-01","2011-02-01","2003-03-01","2007-02-01",0,0,0
"697",33401,2.35580002488018,Mar 2011,"2007-03-01","2011-02-01","2003-03-01","2007-02-01",0,0,0
"698",33402,2.36968911156214,Mar 2011,"2007-03-01","2011-02-01","2003-03-01","2007-02-01",0,0,0
"699",33411,2.20609985651475,Mar 2011,"2007-03-01","2011-02-01","2003-03-01","2007-02-01",0,0,0
"700",33412,2.41871476012653,Mar 2011,"2007-03-01","2011-02-01","2003-03-01","2007-02-01",0,0,0
"701",33421,2.25539984077885,Mar 2011,"2007-03-01","2011-02-01","2003-03-01","2007-02-01",0,0,0
"702",33422,2.26291770224669,Mar 2011,"2007-03-01","2011-02-01","2003-03-01","2007-02-01",0,0,0
"703",33431,3.40750023304879,Sep 2011,"2007-09-01","2011-08-01","2003-09-01","2007-08-01",0,0,0
"704",33432,3.23255410793504,Nov 2011,"2007-11-01","2011-10-01","2003-11-01","2007-10-01",0,0,0
"705",33441,3.38919981179843,Sep 2011,"2007-09-01","2011-08-01","2003-09-01","2007-08-01",0,0,0
"706",33442,3.24259065269469,Nov 2011,"2007-11-01","2011-10-01","2003-11-01","2007-10-01",0,0,0
"707",33451,3.46999973849,Sep 2011,"2007-09-01","2011-08-01","2003-09-01","2007-08-01",0,0,0
"708",33452,3.4758206798852,Sep 2011,"2007-09-01","2011-08-01","2003-09-01","2007-08-01",0,0,0
"709",33461,3.27359990362832,Nov 2011,"2007-11-01","2011-10-01","2003-11-01","2007-10-01",0,0,0
"710",33462,3.24966091765455,Nov 2011,"2007-11-01","2011-10-01","2003-11-01","2007-10-01",0,0,0
"711",33471,3.24472891789072,Nov 2011,"2007-11-01","2011-10-01","2003-11-01","2007-10-01",0,0,0
"712",33472,3.43397343132402,Sep 2011,"2007-09-01","2011-08-01","2003-09-01","2007-08-01",0,0,0
"713",33481,3.28949938510584,Nov 2011,"2007-11-01","2011-10-01","2003-11-01","2007-10-01",0,0,0
"714",33482,3.29217052049893,Nov 2011,"2007-11-01","2011-10-01","2003-11-01","2007-10-01",0,0,0
"715",33491,3.22079925033442,Nov 2011,"2007-11-01","2011-10-01","2003-11-01","2007-10-01",0,0,0
"716",33492,3.27284977779822,Nov 2011,"2007-11-01","2011-10-01","2003-11-01","2007-10-01",0,0,0
"717",33591,3.35050003874113,Sep 2011,"2007-09-01","2011-08-01","2003-09-01","2007-08-01",0,0,0
"718",33592,3.21720667724761,Sep 2011,"2007-09-01","2011-08-01","2003-09-01","2007-08-01",0,0,0
"719",33601,2.67710042695644,Sep 2011,"2007-09-01","2011-08-01","2003-09-01","2007-08-01",0,0,0
"720",33602,2.71485753751789,Sep 2011,"2007-09-01","2011-08-01","2003-09-01","2007-08-01",0,0,0
"721",33611,3.41720743862513,Sep 2011,"2007-09-01","2011-08-01","2003-09-01","2007-08-01",0,0,0
"722",33612,3.41212734882838,Sep 2011,"2007-09-01","2011-08-01","2003-09-01","2007-08-01",0,0,0
"723",33621,3.45170055897963,Sep 2011,"2007-09-01","2011-08-01","2003-09-01","2007-08-01",0,0,0
"724",33622,3.47728282993147,Sep 2011,"2007-09-01","2011-08-01","2003-09-01","2007-08-01",0,0,0
"725",33631,3.30969966238961,Nov 2011,"2007-11-01","2011-10-01","2003-11-01","2007-10-01",0,0,0
"726",33632,3.35539801744821,Nov 2011,"2007-11-01","2011-10-01","2003-11-01","2007-10-01",0,0,0
"727",41011,3.97400049879688,Mar 2011,"2007-03-01","2011-02-01","2003-03-01","2007-02-01",0.25,0,0.25
"728",41012,4.36827613636831,May 2011,"2007-05-01","2011-04-01","2003-05-01","2007-04-01",0,0,0
"729",41021,4.10490025004439,Apr 2011,"2007-04-01","2011-03-01","2003-04-01","2007-03-01",0.25,0,0.25
"730",41022,4.35808628803803,May 2011,"2007-05-01","2011-04-01","2003-05-01","2007-04-01",0,0,0
"731",41031,4.63170000364432,May 2011,"2007-05-01","2011-04-01","2003-05-01","2007-04-01",0,0,0
"732",41032,5.11603919312408,Jun 2011,"2007-06-01","2011-05-01","2003-06-01","2007-05-01",0.25,0,0.25
"733",41041,4.85920114302801,May 2011,"2007-05-01","2011-04-01","2003-05-01","2007-04-01",0.25,0,0.25
"734",41042,4.64651404779524,Jun 2011,"2007-06-01","2011-05-01","2003-06-01","2007-05-01",0,0,0
"735",41051,4.00649956045068,Mar 2011,"2007-03-01","2011-02-01","2003-03-01","2007-02-01",0.25,0,0.25
"736",41052,4.01117180132868,Mar 2011,"2007-03-01","2011-02-01","2003-03-01","2007-02-01",0.25,0,0.25
"737",41061,4.012599845029,Mar 2011,"2007-03-01","2011-02-01","2003-03-01","2007-02-01",0.25,0,0.25
"738",41062,3.59304248064172,Mar 2011,"2007-03-01","2011-02-01","2003-03-01","2007-02-01",0.25,0,0.25
"739",41071,4.0207001274695,Mar 2011,"2007-03-01","2011-02-01","2003-03-01","2007-02-01",0,0,0
"740",41072,4.01803133179132,Mar 2011,"2007-03-01","2011-02-01","2003-03-01","2007-02-01",0,0,0
"741",41081,4.90119885347368,May 2011,"2007-05-01","2011-04-01","2003-05-01","2007-04-01",0.25,0,0.25
"742",41082,4.59459726784016,May 2011,"2007-05-01","2011-04-01","2003-05-01","2007-04-01",0,0,0
"743",41091,4.14889920158933,Apr 2011,"2007-04-01","2011-03-01","2003-04-01","2007-03-01",0.25,0,0.25
"744",41092,4.92862501007797,May 2011,"2007-05-01","2011-04-01","2003-05-01","2007-04-01",0.25,0,0.25
"745",41101,4.18259981105037,Apr 2011,"2007-04-01","2011-03-01","2003-04-01","2007-03-01",0.25,0,0.25
"746",41102,5.23969968330149,Jun 2011,"2007-06-01","2011-05-01","2003-06-01","2007-05-01",0.25,0,0.25
"747",41111,6.51760180034252,Sep 2011,"2007-09-01","2011-08-01","2003-09-01","2007-08-01",0.25,0,0.25
"748",41112,5.30749812707806,Jun 2011,"2007-06-01","2011-05-01","2003-06-01","2007-05-01",0.25,0,0.25
"749",41121,5.25770004439674,Jun 2011,"2007-06-01","2011-05-01","2003-06-01","2007-05-01",0.75,0,0.75
"750",41122,6.58590006317156,Sep 2011,"2007-09-01","2011-08-01","2003-09-01","2007-08-01",0.75,0,0.75
"751",41131,5.29880050070101,Jun 2011,"2007-06-01","2011-05-01","2003-06-01","2007-05-01",0.75,0,0.75
"752",41132,6.58800006078248,Sep 2011,"2007-09-01","2011-08-01","2003-09-01","2007-08-01",0.75,0,0.75
"753",41141,5.2726995927492,Jun 2011,"2007-06-01","2011-05-01","2003-06-01","2007-05-01",0,0,0
"754",41142,7.12509880161815,Oct 2011,"2007-10-01","2011-09-01","2003-10-01","2007-09-01",0,0,0
"755",41171,5.22560160485991,Jun 2011,"2007-06-01","2011-05-01","2003-06-01","2007-05-01",0,0,0
"756",41172,5.70780715832235,Sep 2011,"2007-09-01","2011-08-01","2003-09-01","2007-08-01",0.25,0,0.25
"757",41181,5.18930066705959,Jun 2011,"2007-06-01","2011-05-01","2003-06-01","2007-05-01",0,0,0
"758",41182,6.45500076223545,Sep 2011,"2007-09-01","2011-08-01","2003-09-01","2007-08-01",0,0,0
"759",41191,5.18420067238535,Jun 2011,"2007-06-01","2011-05-01","2003-06-01","2007-05-01",0,0,0
"760",41192,6.03244185100094,Sep 2011,"2007-09-01","2011-08-01","2003-09-01","2007-08-01",0,0,0
"761",41361,4.88649886851517,May 2011,"2007-05-01","2011-04-01","2003-05-01","2007-04-01",0.25,0,0.25
"762",41362,4.36811400452881,May 2011,"2007-05-01","2011-04-01","2003-05-01","2007-04-01",0,0,0
"763",41371,4.97750025615933,May 2011,"2007-05-01","2011-04-01","2003-05-01","2007-04-01",0.25,0,0.25
"764",41372,3.69290365801936,Mar 2011,"2007-03-01","2011-02-01","2003-03-01","2007-02-01",0,0,0
"765",41381,4.04645057744805,Mar 2011,"2007-03-01","2011-02-01","2003-03-01","2007-02-01",0.25,0,0.25
"766",41382,4.10874208038752,Feb 2011,"2007-02-01","2011-01-01","2003-02-01","2007-01-01",0,0,0
"767",41391,4.60689892167438,Dec 2010,"2006-12-01","2010-11-01","2002-12-01","2006-11-01",0.25,0,0.25
"768",41392,4.09894077523426,Feb 2011,"2007-02-01","2011-01-01","2003-02-01","2007-01-01",0,0,0
"769",41401,4.10270009121824,Mar 2011,"2007-03-01","2011-02-01","2003-03-01","2007-02-01",0,0,0
"770",41402,4.12490063798571,Mar 2011,"2007-03-01","2011-02-01","2003-03-01","2007-02-01",0,0,0
"771",41411,4.89209840834458,May 2011,"2007-05-01","2011-04-01","2003-05-01","2007-04-01",0.25,0,0.25
"772",41412,4.38818236638698,May 2011,"2007-05-01","2011-04-01","2003-05-01","2007-04-01",0,0,0
"773",41421,4.12935586476232,Apr 2011,"2007-04-01","2011-03-01","2003-04-01","2007-03-01",0.25,0,0.25
"774",41422,5.15034374279809,Jun 2011,"2007-06-01","2011-05-01","2003-06-01","2007-05-01",0.25,0,0.25
"775",41431,4.95720061426139,May 2011,"2007-05-01","2011-04-01","2003-05-01","2007-04-01",0.25,0,0.25
"776",41432,4.66650030109903,Jun 2011,"2007-06-01","2011-05-01","2003-06-01","2007-05-01",0,0,0
"777",41441,4.981001025939,May 2011,"2007-05-01","2011-04-01","2003-05-01","2007-04-01",0.25,0,0.25
"778",41442,4.67756962540013,Jun 2011,"2007-06-01","2011-05-01","2003-06-01","2007-05-01",0,0,0
"779",41451,7.69199824924004,Dec 2011,"2007-12-01","2011-11-01","2003-12-01","2007-11-01",0,0,0
"780",41452,7.6903786164355,Dec 2011,"2007-12-01","2011-11-01","2003-12-01","2007-11-01",0,0,0
"781",41461,7.54860300539032,Dec 2011,"2007-12-01","2011-11-01","2003-12-01","2007-11-01",0,0,0
"782",41462,6.43503078930369,Dec 2011,"2007-12-01","2011-11-01","2003-12-01","2007-11-01",0,0,0
"783",41471,7.52060210380319,Dec 2011,"2007-12-01","2011-11-01","2003-12-01","2007-11-01",0,0,0
"784",41472,7.53140209464289,Dec 2011,"2007-12-01","2011-11-01","2003-12-01","2007-11-01",0,0,0
"785",41481,7.65419828103107,Dec 2011,"2007-12-01","2011-11-01","2003-12-01","2007-11-01",0,0,0
"786",41482,7.69131240494468,Dec 2011,"2007-12-01","2011-11-01","2003-12-01","2007-11-01",0,0,0
"787",41491,7.62249652137117,Dec 2011,"2007-12-01","2011-11-01","2003-12-01","2007-11-01",0,0,0
"788",41492,7.66292429431217,Dec 2011,"2007-12-01","2011-11-01","2003-12-01","2007-11-01",0,0,0
"789",41501,7.50880122700563,Dec 2011,"2007-12-01","2011-11-01","2003-12-01","2007-11-01",0,0,0
"790",41502,7.58640297305928,Dec 2011,"2007-12-01","2011-11-01","2003-12-01","2007-11-01",0,0,0
"791",41511,7.68189240407507,Dec 2011,"2007-12-01","2011-11-01","2003-12-01","2007-11-01",0,0,0
"792",41512,7.10437546099162,Dec 2011,"2007-12-01","2011-11-01","2003-12-01","2007-11-01",0,0,0
"793",41521,7.91619944248725,Dec 2011,"2007-12-01","2011-11-01","2003-12-01","2007-11-01",0,0,0
"794",41522,7.75059523436219,Dec 2011,"2007-12-01","2011-11-01","2003-12-01","2007-11-01",0,0,0
"795",41531,8.2597985091685,Dec 2011,"2007-12-01","2011-11-01","2003-12-01","2007-11-01",0,0,0
"796",41532,7.79798011778305,Nov 2011,"2007-11-01","2011-10-01","2003-11-01","2007-10-01",0,0,0
"797",41541,7.93489885785716,Jan 2012,"2008-01-01","2011-12-01","2004-01-01","2007-12-01",0,0,0
"798",41542,7.92428889585663,Dec 2011,"2007-12-01","2011-11-01","2003-12-01","2007-11-01",0,0,0
"799",41551,7.96709968181194,Jan 2012,"2008-01-01","2011-12-01","2004-01-01","2007-12-01",0,0,0
"800",41552,8.01080057941803,Dec 2011,"2007-12-01","2011-11-01","2003-12-01","2007-11-01",0,0,0
"801",41561,7.83830324109282,Jan 2012,"2008-01-01","2011-12-01","2004-01-01","2007-12-01",0,0,0
"802",41562,7.96957454495767,Jan 2012,"2008-01-01","2011-12-01","2004-01-01","2007-12-01",0,0,0
"803",41571,8.03557698533844,Dec 2011,"2007-12-01","2011-11-01","2003-12-01","2007-11-01",2.25,0,2.25
"804",41572,8.26673936304204,Dec 2011,"2007-12-01","2011-11-01","2003-12-01","2007-11-01",0,0,0
"805",41581,7.81609953265576,Nov 2011,"2007-11-01","2011-10-01","2003-11-01","2007-10-01",0,0,0
"806",41582,7.70639895056332,Nov 2011,"2007-11-01","2011-10-01","2003-11-01","2007-10-01",0,0,0
"807",41591,7.98981085396076,Dec 2011,"2007-12-01","2011-11-01","2003-12-01","2007-11-01",0,0,0
"808",41592,7.98817331977816,Dec 2011,"2007-12-01","2011-11-01","2003-12-01","2007-11-01",0,0,0
"809",41611,7.31590128241625,Oct 2011,"2007-10-01","2011-09-01","2003-10-01","2007-09-01",0,0,0
"810",41612,7.31590128241625,Oct 2011,"2007-10-01","2011-09-01","2003-10-01","2007-09-01",0,0,0
"811",41621,7.34240191158565,Oct 2011,"2007-10-01","2011-09-01","2003-10-01","2007-09-01",0,0,0
"812",41622,7.3151012834204,Oct 2011,"2007-10-01","2011-09-01","2003-10-01","2007-09-01",0,0,0
"813",41631,7.3151012834204,Oct 2011,"2007-10-01","2011-09-01","2003-10-01","2007-09-01",0,0,0
"814",41632,7.46460227856613,Nov 2011,"2007-11-01","2011-10-01","2003-11-01","2007-10-01",0,0,0
"815",41641,7.3151012834204,Oct 2011,"2007-10-01","2011-09-01","2003-10-01","2007-09-01",0,0,0
"816",41642,7.3151012834204,Oct 2011,"2007-10-01","2011-09-01","2003-10-01","2007-09-01",0,0,0
"817",41651,7.43230153540088,Nov 2011,"2007-11-01","2011-10-01","2003-11-01","2007-10-01",0,0,0
"818",41652,7.3035522403958,Oct 2011,"2007-10-01","2011-09-01","2003-10-01","2007-09-01",0,0,0
"819",41671,7.34979929547956,Nov 2011,"2007-11-01","2011-10-01","2003-11-01","2007-10-01",0,0,0
"820",41672,7.22759940563369,Oct 2011,"2007-10-01","2011-09-01","2003-10-01","2007-09-01",0,0,0
"821",41681,7.3151012834204,Oct 2011,"2007-10-01","2011-09-01","2003-10-01","2007-09-01",0,0,0
"822",41682,6.26609924540396,Oct 2011,"2007-10-01","2011-09-01","2003-10-01","2007-09-01",0,1.25,-1.25
"823",41691,7.01239961805518,Oct 2011,"2007-10-01","2011-09-01","2003-10-01","2007-09-01",0,0,0
"824",41692,7.09495216332276,Nov 2011,"2007-11-01","2011-10-01","2003-11-01","2007-10-01",0,0,0
"825",41701,7.16850172035854,Nov 2011,"2007-11-01","2011-10-01","2003-11-01","2007-10-01",0,0,0
"826",41702,7.61337110820756,Jan 2012,"2008-01-01","2011-12-01","2004-01-01","2007-12-01",0,0,0
"827",41711,7.10310148372531,Oct 2011,"2007-10-01","2011-09-01","2003-10-01","2007-09-01",0,0,0
"828",41712,7.03151482242979,Oct 2011,"2007-10-01","2011-09-01","2003-10-01","2007-09-01",0,0,0
"829",41721,6.97109729627346,Nov 2011,"2007-11-01","2011-10-01","2003-11-01","2007-10-01",0,0,0
"830",41722,7.10914587971579,Nov 2011,"2007-11-01","2011-10-01","2003-11-01","2007-10-01",0,0,0
"831",41731,6.97649729245387,Nov 2011,"2007-11-01","2011-10-01","2003-11-01","2007-10-01",0,0,0
"832",41732,7.01239807585273,Nov 2011,"2007-11-01","2011-10-01","2003-11-01","2007-10-01",0,0,0
"833",41741,7.58365970419935,Nov 2011,"2007-11-01","2011-10-01","2003-11-01","2007-10-01",0,0,0
"834",41742,8.0370405704913,Dec 2011,"2007-12-01","2011-11-01","2003-12-01","2007-11-01",0,0,0
"835",41751,7.98619799132505,Dec 2011,"2007-12-01","2011-11-01","2003-12-01","2007-11-01",0,0,0
"836",41752,7.80940185073835,Dec 2011,"2007-12-01","2011-11-01","2003-12-01","2007-11-01",0,0,0
"837",41761,7.92039712206896,Dec 2011,"2007-12-01","2011-11-01","2003-12-01","2007-11-01",0,0,0
"838",41762,7.75146969651107,Dec 2011,"2007-12-01","2011-11-01","2003-12-01","2007-11-01",0,0,0
"839",41771,7.74590161494765,Jan 2012,"2008-01-01","2011-12-01","2004-01-01","2007-12-01",0,0,0
"840",41772,7.37830148881682,Nov 2011,"2007-11-01","2011-10-01","2003-11-01","2007-10-01",0,0,0
"841",41781,7.49669829999695,Nov 2011,"2007-11-01","2011-10-01","2003-11-01","2007-10-01",0,0,0
"842",41782,7.7952035852045,Dec 2011,"2007-12-01","2011-11-01","2003-12-01","2007-11-01",0,0,0
"843",42011,5.092700677699,Aug 2011,"2007-08-01","2011-07-01","2003-08-01","2007-07-01",0,0,0
"844",42012,5.06550017694268,Aug 2011,"2007-08-01","2011-07-01","2003-08-01","2007-07-01",0,0,0
"845",42021,4.78779919745425,May 2011,"2007-05-01","2011-04-01","2003-05-01","2007-04-01",0,0,0
"846",42022,5.1785006066109,Aug 2011,"2007-08-01","2011-07-01","2003-08-01","2007-07-01",0,0,0
"847",42031,5.13260092334482,Aug 2011,"2007-08-01","2011-07-01","2003-08-01","2007-07-01",0,0,0
"848",42032,5.10078762695327,Aug 2011,"2007-08-01","2011-07-01","2003-08-01","2007-07-01",0,0,0
"849",42051,4.72175067854738,May 2011,"2007-05-01","2011-04-01","2003-05-01","2007-04-01",0,0,0
"850",42052,5.16310067453589,Aug 2011,"2007-08-01","2011-07-01","2003-08-01","2007-07-01",0,0,0
"851",42061,5.1646429166338,Aug 2011,"2007-08-01","2011-07-01","2003-08-01","2007-07-01",0,0,0
"852",42062,4.98100921848488,Aug 2011,"2007-08-01","2011-07-01","2003-08-01","2007-07-01",0,0,0
"853",42071,5.96719926391625,Sep 2011,"2007-09-01","2011-08-01","2003-09-01","2007-08-01",0,0,0
"854",42072,5.26129946136701,Aug 2011,"2007-08-01","2011-07-01","2003-08-01","2007-07-01",0,0,0
"855",42081,5.3165996664653,Aug 2011,"2007-08-01","2011-07-01","2003-08-01","2007-07-01",0,0,0
"856",42082,5.36358402060071,Aug 2011,"2007-08-01","2011-07-01","2003-08-01","2007-07-01",0,0,0
"857",42091,5.27199917989591,Aug 2011,"2007-08-01","2011-07-01","2003-08-01","2007-07-01",0,0,0
"858",42092,5.8768996903825,Sep 2011,"2007-09-01","2011-08-01","2003-09-01","2007-08-01",0,0,0
"859",42101,5.20169951000246,Aug 2011,"2007-08-01","2011-07-01","2003-08-01","2007-07-01",0,0,0
"860",42102,5.22619975665073,Aug 2011,"2007-08-01","2011-07-01","2003-08-01","2007-07-01",0,0,0
"861",42111,5.20859977406213,Aug 2011,"2007-08-01","2011-07-01","2003-08-01","2007-07-01",0,0,0
"862",42112,5.21108337620808,Aug 2011,"2007-08-01","2011-07-01","2003-08-01","2007-07-01",0,0,0
"863",42121,4.96250082180457,Aug 2011,"2007-08-01","2011-07-01","2003-08-01","2007-07-01",0,0,0
"864",42122,5.05540100025168,Aug 2011,"2007-08-01","2011-07-01","2003-08-01","2007-07-01",0,0,0
"865",42141,5.84820001823439,Oct 2011,"2007-10-01","2011-09-01","2003-10-01","2007-09-01",0,0,0
"866",42142,5.84820001823439,Oct 2011,"2007-10-01","2011-09-01","2003-10-01","2007-09-01",0,0,0
"867",42171,5.82399932592914,Oct 2011,"2007-10-01","2011-09-01","2003-10-01","2007-09-01",0,0,0
"868",42172,5.68429910869512,Oct 2011,"2007-10-01","2011-09-01","2003-10-01","2007-09-01",0,0,0
"869",42191,5.41860108383672,Sep 2011,"2007-09-01","2011-08-01","2003-09-01","2007-08-01",0,0,0
"870",42192,5.42005667695674,Sep 2011,"2007-09-01","2011-08-01","2003-09-01","2007-08-01",0,0,0
"871",42201,5.67560085386007,Oct 2011,"2007-10-01","2011-09-01","2003-10-01","2007-09-01",0,0,0
"872",42202,5.67560085386007,Oct 2011,"2007-10-01","2011-09-01","2003-10-01","2007-09-01",0,0,0
"873",42211,5.75430048619369,Oct 2011,"2007-10-01","2011-09-01","2003-10-01","2007-09-01",0,0,0
"874",42212,5.75973081971771,Oct 2011,"2007-10-01","2011-09-01","2003-10-01","2007-09-01",0,0,0
"875",42221,5.74950047293856,Oct 2011,"2007-10-01","2011-09-01","2003-10-01","2007-09-01",0,0,0
"876",42222,5.69896289275839,Oct 2011,"2007-10-01","2011-09-01","2003-10-01","2007-09-01",0,0,0
"877",42261,5.40500048267899,Sep 2011,"2007-09-01","2011-08-01","2003-09-01","2007-08-01",0,0,0
"878",42262,5.42170992734265,Sep 2011,"2007-09-01","2011-08-01","2003-09-01","2007-08-01",0,0,0
"879",42291,5.50794523739124,Sep 2011,"2007-09-01","2011-08-01","2003-09-01","2007-08-01",0,0,0
"880",42292,5.76605214442675,Oct 2011,"2007-10-01","2011-09-01","2003-10-01","2007-09-01",0,0,0
"881",42301,4.99630085904873,Aug 2011,"2007-08-01","2011-07-01","2003-08-01","2007-07-01",0,0,0
"882",42302,5.45460104745859,Sep 2011,"2007-09-01","2011-08-01","2003-09-01","2007-08-01",0,0,0
"883",42311,4.94329938171897,Aug 2011,"2007-08-01","2011-07-01","2003-08-01","2007-07-01",0,0,0
"884",42312,5.40523190423377,Sep 2011,"2007-09-01","2011-08-01","2003-09-01","2007-08-01",0,0,0
"885",42321,5.66320020281107,Oct 2011,"2007-10-01","2011-09-01","2003-10-01","2007-09-01",0,0,0
"886",42322,5.57483459800613,Oct 2011,"2007-10-01","2011-09-01","2003-10-01","2007-09-01",0,0,0
"887",42491,5.59760034988352,Sep 2011,"2007-09-01","2011-08-01","2003-09-01","2007-08-01",0,0,0
"888",42492,5.85700002662877,Oct 2011,"2007-10-01","2011-09-01","2003-10-01","2007-09-01",0,0,0
"889",42541,4.83019922688413,Aug 2011,"2007-08-01","2011-07-01","2003-08-01","2007-07-01",0,0,0
"890",42542,5.22661261779849,Oct 2011,"2007-10-01","2011-09-01","2003-10-01","2007-09-01",0,0,0
"891",42571,4.95710089809684,Aug 2011,"2007-08-01","2011-07-01","2003-08-01","2007-07-01",0,0,0
"892",42572,5.606110833908,Oct 2011,"2007-10-01","2011-09-01","2003-10-01","2007-09-01",0,0,0
"893",42581,5.41939894574526,Sep 2011,"2007-09-01","2011-08-01","2003-09-01","2007-08-01",0,0,0
"894",42582,5.62991843101083,Oct 2011,"2007-10-01","2011-09-01","2003-10-01","2007-09-01",0,0,0
"895",43011,6.03019880256807,Sep 2011,"2007-09-01","2011-08-01","2003-09-01","2007-08-01",0,1,-1
"896",43012,4.81009934929602,May 2011,"2007-05-01","2011-04-01","2003-05-01","2007-04-01",0,1,-1
"897",43021,5.97140025739423,Sep 2011,"2007-09-01","2011-08-01","2003-09-01","2007-08-01",0,1,-1
"898",43022,4.76940047180097,May 2011,"2007-05-01","2011-04-01","2003-05-01","2007-04-01",0,1,-1
"899",43031,5.97770060474902,Sep 2011,"2007-09-01","2011-08-01","2003-09-01","2007-08-01",0,1,-1
"900",43032,6.02124426278408,Sep 2011,"2007-09-01","2011-08-01","2003-09-01","2007-08-01",0,1,-1
"901",43041,5.09859936787593,Jun 2011,"2007-06-01","2011-05-01","2003-06-01","2007-05-01",0,1,-1
"902",43042,5.07313804669159,Aug 2011,"2007-08-01","2011-07-01","2003-08-01","2007-07-01",0,1,-1
"903",43051,6.06589982635979,Sep 2011,"2007-09-01","2011-08-01","2003-09-01","2007-08-01",0,1,-1
"904",43052,6.0890416026047,Sep 2011,"2007-09-01","2011-08-01","2003-09-01","2007-08-01",0,1,-1
"905",43061,6.02389880952531,Sep 2011,"2007-09-01","2011-08-01","2003-09-01","2007-08-01",0,1,-1
"906",43062,6.03439915231194,Sep 2011,"2007-09-01","2011-08-01","2003-09-01","2007-08-01",0,1,-1
"907",43071,3.93474423467918,Mar 2011,"2007-03-01","2011-02-01","2003-03-01","2007-02-01",0,0,0
"908",43072,3.68543502319947,Mar 2011,"2007-03-01","2011-02-01","2003-03-01","2007-02-01",0,0,0
"909",43081,6.49679865645836,Oct 2011,"2007-10-01","2011-09-01","2003-10-01","2007-09-01",0,1,-1
"910",43082,5.66104346223927,Sep 2011,"2007-09-01","2011-08-01","2003-09-01","2007-08-01",0,0,0
"911",43091,6.12675695638831,Sep 2011,"2007-09-01","2011-08-01","2003-09-01","2007-08-01",0,2.5,-2.5
"912",43092,6.11629867030202,Sep 2011,"2007-09-01","2011-08-01","2003-09-01","2007-08-01",0,1,-1
"913",43101,6.16249968256833,Sep 2011,"2007-09-01","2011-08-01","2003-09-01","2007-08-01",0,2.5,-2.5
"914",43102,6.14968354956049,Sep 2011,"2007-09-01","2011-08-01","2003-09-01","2007-08-01",0,1,-1
"915",43111,6.14569934673895,Sep 2011,"2007-09-01","2011-08-01","2003-09-01","2007-08-01",0,2.5,-2.5
"916",43112,6.15759503704756,Sep 2011,"2007-09-01","2011-08-01","2003-09-01","2007-08-01",0,2.5,-2.5
"917",43121,6.14149935130711,Sep 2011,"2007-09-01","2011-08-01","2003-09-01","2007-08-01",0,2.5,-2.5
"918",43122,6.12469901526772,Sep 2011,"2007-09-01","2011-08-01","2003-09-01","2007-08-01",0,2.5,-2.5
"919",43131,3.92320040418874,Mar 2011,"2007-03-01","2011-02-01","2003-03-01","2007-02-01",0,0,0
"920",43132,3.61032058687762,Mar 2011,"2007-03-01","2011-02-01","2003-03-01","2007-02-01",0,0,0
"921",43141,3.94709951155256,Mar 2011,"2007-03-01","2011-02-01","2003-03-01","2007-02-01",0,0,0
"922",43142,3.92320040418874,Mar 2011,"2007-03-01","2011-02-01","2003-03-01","2007-02-01",0,0,0
"923",43151,4.02309949268088,Apr 2011,"2007-04-01","2011-03-01","2003-04-01","2007-03-01",0,0,0
"924",43152,5.09747276341793,Jun 2011,"2007-06-01","2011-05-01","2003-06-01","2007-05-01",0,0,0
"925",43161,6.07849981265529,Sep 2011,"2007-09-01","2011-08-01","2003-09-01","2007-08-01",0,0,0
"926",43162,4.68554361185314,Jun 2011,"2007-06-01","2011-05-01","2003-06-01","2007-05-01",0,0,0
"927",43171,6.01760091555849,Sep 2011,"2007-09-01","2011-08-01","2003-09-01","2007-08-01",0,0,0
"928",43172,4.90788307187477,Jun 2011,"2007-06-01","2011-05-01","2003-06-01","2007-05-01",0,1,-1
"929",43181,6.24925112186299,Sep 2011,"2007-09-01","2011-08-01","2003-09-01","2007-08-01",0,0,0
"930",43182,6.62275621846237,Oct 2011,"2007-10-01","2011-09-01","2003-10-01","2007-09-01",0,0,0
"931",43191,6.27098787085307,Sep 2011,"2007-09-01","2011-08-01","2003-09-01","2007-08-01",0,0,0
"932",43192,6.64630192138512,Oct 2011,"2007-10-01","2011-09-01","2003-10-01","2007-09-01",0,0,0
"933",43201,6.55429968834638,Oct 2011,"2007-10-01","2011-09-01","2003-10-01","2007-09-01",0,0,0
"934",43202,5.70404898298048,Sep 2011,"2007-09-01","2011-08-01","2003-09-01","2007-08-01",0,0,0
"935",43211,6.58530065372778,Oct 2011,"2007-10-01","2011-09-01","2003-10-01","2007-09-01",0,0,0
"936",43212,5.69926054409617,Sep 2011,"2007-09-01","2011-08-01","2003-09-01","2007-08-01",0,0,0
"937",43221,6.54469968087612,Oct 2011,"2007-10-01","2011-09-01","2003-10-01","2007-09-01",0,1,-1
"938",43222,6.58023456622878,Oct 2011,"2007-10-01","2011-09-01","2003-10-01","2007-09-01",0,0,0
"939",43231,6.21270058431217,Sep 2011,"2007-09-01","2011-08-01","2003-09-01","2007-08-01",0,0,0
"940",43232,6.18770000947139,Sep 2011,"2007-09-01","2011-08-01","2003-09-01","2007-08-01",0,0,0
"941",43241,6.17930001860771,Sep 2011,"2007-09-01","2011-08-01","2003-09-01","2007-08-01",0,1.5,-1.5
"942",43242,6.58610065272363,Oct 2011,"2007-10-01","2011-09-01","2003-10-01","2007-09-01",0,0,0
"943",43251,6.54229968372856,Oct 2011,"2007-10-01","2011-09-01","2003-10-01","2007-09-01",0,1,-1
"944",43252,5.67426820707023,Sep 2011,"2007-09-01","2011-08-01","2003-09-01","2007-08-01",0,0,0
"945",43261,6.20010054803666,Sep 2011,"2007-09-01","2011-08-01","2003-09-01","2007-08-01",13.5,12,1.5
"946",43262,6.22510107310744,Sep 2011,"2007-09-01","2011-08-01","2003-09-01","2007-08-01",13.5,12,1.5
"947",43271,6.79629832279064,Nov 2011,"2007-11-01","2011-10-01","2003-11-01","2007-10-01",0,0,0
"948",43272,6.73223120977649,Nov 2011,"2007-11-01","2011-10-01","2003-11-01","2007-10-01",0,0,0
"949",43281,3.91920040826441,Mar 2011,"2007-03-01","2011-02-01","2003-03-01","2007-02-01",0,1,-1
"950",43282,3.89773879293251,Mar 2011,"2007-03-01","2011-02-01","2003-03-01","2007-02-01",0,1,-1
"951",43291,3.92179936192585,Mar 2011,"2007-03-01","2011-02-01","2003-03-01","2007-02-01",0,1,-1
"952",43292,4.04396296219893,Apr 2011,"2007-04-01","2011-03-01","2003-04-01","2007-03-01",0,1,-1
"953",43301,3.91520041234008,Mar 2011,"2007-03-01","2011-02-01","2003-03-01","2007-02-01",0,1,-1
"954",43302,4.04540049496366,Apr 2011,"2007-04-01","2011-03-01","2003-04-01","2007-03-01",0,1,-1
"955",43311,5.99030023673248,Sep 2011,"2007-09-01","2011-08-01","2003-09-01","2007-08-01",0,0,0
"956",43312,5.9553275885519,Oct 2011,"2007-10-01","2011-09-01","2003-10-01","2007-09-01",0,0,0
"957",43321,6.32149990412752,Oct 2011,"2007-10-01","2011-09-01","2003-10-01","2007-09-01",0,0,0
"958",43322,6.33584913766627,Oct 2011,"2007-10-01","2011-09-01","2003-10-01","2007-09-01",0,0,0
"959",43331,4.80510005942176,May 2011,"2007-05-01","2011-04-01","2003-05-01","2007-04-01",0,1,-1
"960",43332,4.81650032185125,May 2011,"2007-05-01","2011-04-01","2003-05-01","2007-04-01",0,1,-1
"961",43341,3.88029990553436,Mar 2011,"2007-03-01","2011-02-01","2003-03-01","2007-02-01",0,1,-1
"962",43342,4.78389980685661,May 2011,"2007-05-01","2011-04-01","2003-05-01","2007-04-01",0,1,-1
"963",43351,3.87599971086039,Mar 2011,"2007-03-01","2011-02-01","2003-03-01","2007-02-01",0,1,-1
"964",43352,4.64929826095632,Jun 2011,"2007-06-01","2011-05-01","2003-06-01","2007-05-01",0,0,0
"965",43361,3.89590021639988,Mar 2011,"2007-03-01","2011-02-01","2003-03-01","2007-02-01",0,1,-1
"966",43362,4.7539186221357,May 2011,"2007-05-01","2011-04-01","2003-05-01","2007-04-01",0,1,-1
"967",43371,4.83930083531023,May 2011,"2007-05-01","2011-04-01","2003-05-01","2007-04-01",0,1,-1
"968",43372,4.83440083999738,May 2011,"2007-05-01","2011-04-01","2003-05-01","2007-04-01",0,1,-1
"969",43381,5.09240056188514,Jun 2011,"2007-06-01","2011-05-01","2003-06-01","2007-05-01",0,1,-1
"970",43382,4.88313701539591,Jun 2011,"2007-06-01","2011-05-01","2003-06-01","2007-05-01",0,1.25,-1.25
"971",43391,7.49299674197666,Dec 2011,"2007-12-01","2011-11-01","2003-12-01","2007-11-01",0,0,0
"972",43392,6.16179767150608,Nov 2011,"2007-11-01","2011-10-01","2003-11-01","2007-10-01",0,0,0
"973",43401,7.42620235876272,Dec 2011,"2007-12-01","2011-11-01","2003-12-01","2007-11-01",0,0,0
"974",43402,6.23714836385677,Nov 2011,"2007-11-01","2011-10-01","2003-11-01","2007-10-01",0,0.25,-0.25
"975",43411,7.38200147118605,Dec 2011,"2007-12-01","2011-11-01","2003-12-01","2007-11-01",0,0,0
"976",43412,7.16860102887573,Nov 2011,"2007-11-01","2011-10-01","2003-11-01","2007-10-01",0,0,0
"977",43421,6.87790050968857,Nov 2011,"2007-11-01","2011-10-01","2003-11-01","2007-10-01",0,0,0
"978",43422,6.9838027325783,Nov 2011,"2007-11-01","2011-10-01","2003-11-01","2007-10-01",0,0,0
"979",43431,7.10219954375843,Nov 2011,"2007-11-01","2011-10-01","2003-11-01","2007-10-01",0,0,0
"980",43432,7.10344918149361,Nov 2011,"2007-11-01","2011-10-01","2003-11-01","2007-10-01",0,0,0
"981",43441,7.24259971950104,Jan 2012,"2008-01-01","2011-12-01","2004-01-01","2007-12-01",0,0,0
"982",43442,6.84735980544752,Nov 2011,"2007-11-01","2011-10-01","2003-11-01","2007-10-01",0,0,0
"983",43451,7.12499730009751,Jan 2012,"2008-01-01","2011-12-01","2004-01-01","2007-12-01",0,0,0
"984",43452,6.83168778443706,Nov 2011,"2007-11-01","2011-10-01","2003-11-01","2007-10-01",0,0,0
"985",43461,7.41100329699102,Dec 2011,"2007-12-01","2011-11-01","2003-12-01","2007-11-01",0,0,0
"986",43462,6.9712027417907,Nov 2011,"2007-11-01","2011-10-01","2003-11-01","2007-10-01",0,0,0
"987",43471,7.389300033252,Nov 2011,"2007-11-01","2011-10-01","2003-11-01","2007-10-01",0,0,0
"988",43472,7.25170003773551,Oct 2011,"2007-10-01","2011-09-01","2003-10-01","2007-09-01",0,0,0
"989",43481,7.25243123866892,Oct 2011,"2007-10-01","2011-09-01","2003-10-01","2007-09-01",0,0,0
"990",43482,7.39861186116919,Nov 2011,"2007-11-01","2011-10-01","2003-11-01","2007-10-01",0,0,0
"991",43491,7.3911000320388,Nov 2011,"2007-11-01","2011-10-01","2003-11-01","2007-10-01",0,0,0
"992",43492,7.42677147062529,Nov 2011,"2007-11-01","2011-10-01","2003-11-01","2007-10-01",0,0,0
"993",43501,7.67100271833682,Jan 2012,"2008-01-01","2011-12-01","2004-01-01","2007-12-01",0,0,0
"994",43502,7.93890710401871,Dec 2011,"2007-12-01","2011-11-01","2003-12-01","2007-11-01",0,0,0
"995",43511,7.75639753113557,Jan 2012,"2008-01-01","2011-12-01","2004-01-01","2007-12-01",0,0,0
"996",43512,6.72741646037938,Dec 2011,"2007-12-01","2011-11-01","2003-12-01","2007-11-01",0,0.25,-0.25
"997",43521,7.27539802730744,Dec 2011,"2007-12-01","2011-11-01","2003-12-01","2007-11-01",13.5,12,1.5
"998",43522,6.85905890901244,Nov 2011,"2007-11-01","2011-10-01","2003-11-01","2007-10-01",13.5,12,1.5
"999",43531,7.34759977821123,Dec 2011,"2007-12-01","2011-11-01","2003-12-01","2007-11-01",13.5,12,1.5
"1000",43532,6.86990755240324,Nov 2011,"2007-11-01","2011-10-01","2003-11-01","2007-10-01",13.5,12,1.5
"1001",43541,7.33679978737153,Dec 2011,"2007-12-01","2011-11-01","2003-12-01","2007-11-01",13.5,12,1.5
"1002",43542,6.80439833830125,Nov 2011,"2007-11-01","2011-10-01","2003-11-01","2007-10-01",13.5,12,1.5
"1003",43551,7.14530333781575,Jan 2012,"2008-01-01","2011-12-01","2004-01-01","2007-12-01",13.5,12,1.5
"1004",43552,7.17620367157439,Dec 2011,"2007-12-01","2011-11-01","2003-12-01","2007-11-01",13.5,12,1.5
"1005",43561,3.95969984922482,Mar 2011,"2007-03-01","2011-02-01","2003-03-01","2007-02-01",0,0,0
"1006",43562,3.97910029545686,Mar 2011,"2007-03-01","2011-02-01","2003-03-01","2007-02-01",0,0,0
"1007",43571,5.30769930999012,Aug 2011,"2007-08-01","2011-07-01","2003-08-01","2007-07-01",0,0,0
"1008",43572,5.32939408100708,Aug 2011,"2007-08-01","2011-07-01","2003-08-01","2007-07-01",0,0,0
"1009",43581,4.25940003725177,Feb 2011,"2007-02-01","2011-01-01","2003-02-01","2007-01-01",0,0,0
"1010",43582,3.87645123578325,Mar 2011,"2007-03-01","2011-02-01","2003-03-01","2007-02-01",0,0,0
"1011",43591,4.25833880668417,Feb 2011,"2007-02-01","2011-01-01","2003-02-01","2007-01-01",0,0,0
"1012",43592,5.3441778065324,Aug 2011,"2007-08-01","2011-07-01","2003-08-01","2007-07-01",0,0,0
"1013",43601,5.9924002345534,Sep 2011,"2007-09-01","2011-08-01","2003-09-01","2007-08-01",0,0,0
"1014",43602,5.8092717752599,Sep 2011,"2007-09-01","2011-08-01","2003-09-01","2007-08-01",0,0,0
"1015",43611,6.56520003588523,Oct 2011,"2007-10-01","2011-09-01","2003-10-01","2007-09-01",0,0,0
"1016",43612,5.71095670852014,Sep 2011,"2007-09-01","2011-08-01","2003-09-01","2007-08-01",0,0,0
"1017",43621,6.19820004792597,Sep 2011,"2007-09-01","2011-08-01","2003-09-01","2007-08-01",0,0,0
"1018",43622,6.2086024747055,Sep 2011,"2007-09-01","2011-08-01","2003-09-01","2007-08-01",0,0,0
"1019",43631,3.93179935183668,Mar 2011,"2007-03-01","2011-02-01","2003-03-01","2007-02-01",0,1,-1
"1020",43632,4.06090068582821,Apr 2011,"2007-04-01","2011-03-01","2003-04-01","2007-03-01",0,1,-1
